"柜子名称","楼层","房间","X","Y","图层","对象类型","句柄"
"","2F","","31306.341499","27687.999869","CABLE_CABINET_2F","LWPOLYLINE","1CEF1"
"","1F","","49297.69087","39416.6873","CABLE_CABINET_1F","LWPOLYLINE","1CEF0"
"","1F","","27594.397673","40632.116735","CABLE_CABINET_1F","LWPOLYLINE","1CEE9"
"火灾报警主机","2F","","35553.475495","20632.91521","CABLE_CABINET_2F","TEXT","1C27C"
"自动化舱后台插座","2F","","40356.509077","22379.564878","CABLE_CABINET_2F","TEXT","1C274"
"户外检修配电箱","1F","","36861.282819","49322.814034","CABLE_CABINET_1F","TEXT","1C273"
"户外照明配电箱","1F","","35532.685265","49270.484152","CABLE_CABINET_1F","TEXT","1C272"
"35kV预制舱动力配电箱1","1F","","56134.183743","38739.331994","CABLE_CABINET_1F","TEXT","1C271"
"35kV预制舱动力配电箱2","1F","","56134.183743","38784.757238","CABLE_CABINET_1F","TEXT","1C270"
"35kV预制舱检修配电箱","1F","","56134.183743","38825.639959","CABLE_CABINET_1F","TEXT","1C26F"
"35kV预制舱照明配电箱","1F","","56134.183743","38869.929572","CABLE_CABINET_1F","TEXT","1C26E"
"35kV预制舱事故照明","1F","","56134.183743","38914.219185","CABLE_CABINET_1F","TEXT","1C26D"
"自动化舱事故照明","2F","","36191.380785","20680.647205","CABLE_CABINET_2F","TEXT","1C26B"
"自动化舱动力配电箱","2F","","35856.547048","20640.279068","CABLE_CABINET_2F","TEXT","1C266"
"自动化舱检修配电箱","2F","","35856.547048","20682.865235","CABLE_CABINET_2F","TEXT","1C265"
"自动化舱照明配电箱","2F","","35856.547048","20725.451401","CABLE_CABINET_2F","TEXT","1C264"
"2#主变测控柜","2F","","32506.474567","24683.127925","CABLE_CABINET_2F","TEXT","1C263"
"2#主变保护柜","2F","","33306.474567","24683.127925","CABLE_CABINET_2F","TEXT","1C262"
"1#主变测控柜","2F","","34106.474567","24683.127925","CABLE_CABINET_2F","TEXT","1C261"
"1#主变保护柜","2F","","34906.474567","24683.127925","CABLE_CABINET_2F","TEXT","1C260"
"电流接地选线及电能量采集柜","2F","","35706.474567","24683.127925","CABLE_CABINET_2F","TEXT","1C25F"
"公用测控及时钟同步系统柜","2F","","36506.474567","24683.127925","CABLE_CABINET_2F","TEXT","1C25E"
"远动通信柜","2F","","37306.474567","24683.127925","CABLE_CABINET_2F","TEXT","1C25D"
"故障录波柜","2F","","32543.323296","26406.433195","CABLE_CABINET_2F","TEXT","1C255"
"UPS电源柜","2F","","33343.323296","26406.433195","CABLE_CABINET_2F","TEXT","1C254"
"交流电源柜","2F","","34143.323296","26406.433195","CABLE_CABINET_2F","TEXT","1C253"
"直流馈线柜","2F","","34943.323296","26406.433195","CABLE_CABINET_2F","TEXT","1C252"
"直流充电柜","2F","","35743.323296","26406.433195","CABLE_CABINET_2F","TEXT","1C251"
"蓄电池柜","2F","","36543.323296","26406.433195","CABLE_CABINET_2F","TEXT","1C250"
"智能辅助监控系统屏","2F","","37343.323296","26406.433195","CABLE_CABINET_2F","TEXT","1C24F"
"10kV1#站用变","2F","","28603.95094","22540.37807","CABLE_CABINET_2F","TEXT","1BDC6"
"10kV2#站用变","2F","","28534.072048","25557.962201","CABLE_CABINET_2F","TEXT","1BDC5"
"2#主变本体端子箱","1F","","39987.217622","46509.854165","CABLE_CABINET_1F","TEXT","1BDB2"
"2#主变有载开关","1F","","44503.07401","46498.055395","CABLE_CABINET_1F","TEXT","1BDB1"
"1#主变本体端子箱","1F","","27568.916201","46389.190709","CABLE_CABINET_1F","TEXT","1BDB0"
"1#主变有载开关","1F","","32190.966246","46475.901302","CABLE_CABINET_1F","TEXT","1BDAC"
"35kV1#主变进线柜","1F","","49944.456995","36781.99917","CABLE_CABINET_1F","TEXT","1BDAB"
"35kV2#主变进线柜","1F","","51470.745213","36763.498707","CABLE_CABINET_1F","TEXT","1BDAA"
"35kVPT柜","1F","","53041.963127","36793.892325","CABLE_CABINET_1F","TEXT","1BDA9"
"35kV出线柜","1F","","54124.240227","36793.892325","CABLE_CABINET_1F","TEXT","1BDA8"
"10kV1#电容器组","1F","","20409.239987","36750.802272","CABLE_CABINET_1F","TEXT","1BDA7"
"10kV2#电容器组","1F","","20409.239987","39042.597372","CABLE_CABINET_1F","TEXT","1BDA5"
"10kV备用电源进线柜","1F","","45161.068809","36464.466162","CABLE_CABINET_1F","TEXT","1BD90"
"10kV3#PT柜","1F","","44365.658581","36464.466162","CABLE_CABINET_1F","TEXT","1BD8F"
"10kV3#备用电源馈线柜","1F","","43550.207045","36464.466162","CABLE_CABINET_1F","TEXT","1BD8E"
"10kV2#备用电源馈线柜","1F","","42545.400635","36464.466162","CABLE_CABINET_1F","TEXT","1BD8D"
"10kV1#备用电源馈线柜","1F","","41697.022249","36464.466162","CABLE_CABINET_1F","TEXT","1BD8B"
"10kV2#分段开关柜","1F","","39467.70982","36460.799106","CABLE_CABINET_1F","TEXT","1BD8A"
"10kV2#分段隔离柜","1F","","40493.170676","36464.466162","CABLE_CABINET_1F","TEXT","1BD89"
"10kV烧成配电站一段","1F","","38519.843487","36460.973126","CABLE_CABINET_1F","TEXT","1BD88"
"10kV水泥粉磨配电站","1F","","37750.257252","36460.973126","CABLE_CABINET_1F","TEXT","1BD87"
"10kV硫酸变配电室一段","1F","","35982.670135","36496.916883","CABLE_CABINET_1F","TEXT","1BD86"
"10kV硫酸变配电室三段","1F","","35201.686294","36496.916883","CABLE_CABINET_1F","TEXT","1BD85"
"10kV1-4#预留馈线柜","1F","","34379.737141","36518.060269","CABLE_CABINET_1F","TEXT","1BD84"
"10kV1-3#预留馈线柜","1F","","33615.932301","36492.952498","CABLE_CABINET_1F","TEXT","1BD83"
"10kV1-2#预留馈线柜","1F","","32336.757414","36518.060269","CABLE_CABINET_1F","TEXT","1BD82"
"10kV1-1#预留馈线柜","1F","","31450.056639","36518.060269","CABLE_CABINET_1F","TEXT","1BD81"
"10kV1#站用变柜","1F","","30365.136616","36518.060269","CABLE_CABINET_1F","TEXT","1BD7A"
"10kV1#电容器柜","1F","","29358.711415","36485.023728","CABLE_CABINET_1F","TEXT","1BD79"
"10kV张东10KV开闭所开关柜","1F","","44373.002441","39389.448097","CABLE_CABINET_1F","TEXT","1BD78"
"10kV硫酸变配电室二段","1F","","43479.694358","39393.102765","CABLE_CABINET_1F","TEXT","1BD77"
"10kV2#PT柜","1F","","42661.482464","39425.610722","CABLE_CABINET_1F","TEXT","1BD6F"
"10kV2#主变进线柜","1F","","41759.564233","39421.439858","CABLE_CABINET_1F","TEXT","1BD6E"
"10kV烧成配电站二段","1F","","40834.037263","39434.282814","CABLE_CABINET_1F","TEXT","1BD6D"
"10kV石膏烘干配电站","1F","","39569.728819","39427.807652","CABLE_CABINET_1F","TEXT","1BD6C"
"10kV2-4#预留馈线柜","1F","","38682.327567","39421.592136","CABLE_CABINET_1F","TEXT","1BD6B"
"10kV2-3#预留馈线柜","1F","","37784.42276","39381.579206","CABLE_CABINET_1F","TEXT","1BD6A"
"10kV2-2#预留馈线柜","1F","","36034.989222","39391.659481","CABLE_CABINET_1F","TEXT","1BD69"
"10kV2-1#预留馈线柜","1F","","35196.274024","39372.551971","CABLE_CABINET_1F","TEXT","1BD68"
"10kV2#站用变柜","1F","","34388.960059","39389.202388","CABLE_CABINET_1F","TEXT","1BD67"
"10kV2#电容器柜","1F","","33664.799069","39399.509789","CABLE_CABINET_1F","TEXT","1BD66"
"10kV1#分段开关柜","1F","","32384.507547","39408.71377","CABLE_CABINET_1F","TEXT","1BD65"
"10kV1#分段隔离柜","1F","","31336.595057","39411.059364","CABLE_CABINET_1F","TEXT","1BD64"
"10kV1#PT柜","1F","","30370.606584","39414.759457","CABLE_CABINET_1F","TEXT","1BD63"
"10kV1#主变进线柜","1F","","29262.693127","39391.501731","CABLE_CABINET_1F","TEXT","1BD62"
