行号,电缆编号,起点,终点,起点房间,终点房间,跨房间,手工长度,自动统计,向上取整,差值,基础路径长度,修正量,规则,状态,路径说明
2,DS-01,公用测控及时钟同步系统柜,远动通信柜,房间_1CEF3,房间_1CEF3,否,8,7.8,8,-0.2,0.828,6.972,路径不拐弯 +7,OK,R1BDBC:6
3,DS-02,公用测控及时钟同步系统柜,故障录波柜,房间_1CEF3,房间_1CEF3,否,18,17.1,18,-0.9,7.289,9.811,路径拐弯/跨楼层（+7）×1.2,OK,R1BDBC:6 -> R1BDC0:1 -> R1BDBC:4
4,DS-03,公用测控及时钟同步系统柜,35kVPT柜,房间_1CEF3,房间_1CEF2,是,43,45.4,46,2.4,28.37,17.03,路径拐弯/跨楼层（+7）×1.2；跨房间 +3,OK,R1BDBC:6 -> R1BDC2:3 -> R1BDC2:2 -> R1BDBA:1 -> R1BDBB:1；竖井：ZJ2
5,DS-04,公用测控及时钟同步系统柜,1#主变保护柜,房间_1CEF3,房间_1CEF3,否,9,8.6,9,-0.4,1.628,6.972,路径不拐弯 +7,OK,R1BDBC:6
6,DS-05,公用测控及时钟同步系统柜,2#主变保护柜,房间_1CEF3,房间_1CEF3,否,11,10.2,11,-0.8,3.228,6.972,路径不拐弯 +7,OK,R1BDBC:6
7,DS-06,公用测控及时钟同步系统柜,10kV张东10KV开闭所开关柜,房间_1CEF3,房间_1CEED,是,33,34.8,35,1.8,19.506,15.294,路径拐弯/跨楼层（+7）×1.2；跨房间 +3,OK,R1BDBC:6 -> R1BDBC:5 -> R1BDBC:4 -> R1BDB3:3 -> R1BDB4:1；竖井：ZJ1
8,DS-07,公用测控及时钟同步系统柜,10kV2-4#预留馈线柜,房间_1CEF3,房间_1CEED,是,29,28.0,28,-1.0,13.848,14.152,路径拐弯/跨楼层（+7）×1.2；跨房间 +3,OK,R1BDBC:6 -> R1BDBC:5 -> R1BDBC:4 -> R1BDB3:3 -> R1BDB4:1；竖井：ZJ1
9,DS-08,公用测控及时钟同步系统柜,10kV2#电容器柜,房间_1CEF3,房间_1CEED,是,31,30.1,31,-0.9,15.574,14.526,路径拐弯/跨楼层（+7）×1.2；跨房间 +3,OK,R1BDBC:6 -> R1BDBC:5 -> R1BDBC:4 -> R1BDB3:3 -> R1BDB3:4；竖井：ZJ1
10,DS-09,公用测控及时钟同步系统柜,10kV1-1#预留馈线柜,房间_1CEF3,房间_1CEED,是,31,32.8,33,1.8,17.809,14.991,路径拐弯/跨楼层（+7）×1.2；跨房间 +3,OK,R1BDBC:6 -> R1BDC2:3 -> R1BDC2:2 -> R1BDBA:1；竖井：ZJ2
11,DS-10,公用测控及时钟同步系统柜,10kV硫酸变配电室一段,房间_1CEF3,房间_1CEED,是,28,27.4,28,-0.6,13.326,14.074,路径拐弯/跨楼层（+7）×1.2；跨房间 +3,OK,R1BDBC:6 -> R1BDC2:3 -> R1BDC2:2 -> R1BDBA:1；竖井：ZJ2
12,DS-11,公用测控及时钟同步系统柜,10kV1#备用电源馈线柜,房间_1CEF3,房间_1CEED,是,33,31.7,32,-1.3,16.902,14.798,路径拐弯/跨楼层（+7）×1.2；跨房间 +3,OK,R1BDBC:6 -> R1BDC2:3 -> R1BDC2:2 -> R1BDBA:1 -> R1BDBB:1；竖井：ZJ2
13,DS-12,公用测控及时钟同步系统柜,1#主变测控柜,房间_1CEF3,房间_1CEF3,否,10,9.4,10,-0.6,2.428,6.972,路径不拐弯 +7,OK,R1BDBC:6
14,DS-13,公用测控及时钟同步系统柜,2#主变测控柜,房间_1CEF3,房间_1CEF3,否,11,11.0,11,0.0,4.028,6.972,路径不拐弯 +7,OK,R1BDBC:6
15,DS-101,35kVPT柜,35kV出线柜,房间_1CEF2,房间_1CEF2,否,9,8.5,9,-0.5,1.534,6.966,路径不拐弯 +7,OK,R1BDBB:1
16,DS-101,35kVPT柜,35kV出线柜,房间_1CEF2,房间_1CEF2,否,9,8.5,9,-0.5,1.534,6.966,路径不拐弯 +7,OK,R1BDBB:1
17,DS-102,10kV张东10KV开闭所开关柜,10kV硫酸变配电室二段,房间_1CEED,房间_1CEED,否,9,8.3,9,-0.7,1.25,7.05,路径不拐弯 +7,OK,R1BDB4:1
18,DS-103,10kV硫酸变配电室二段,10kV2#PT柜,房间_1CEED,房间_1CEED,否,9,8.2,9,-0.8,1.211,6.989,路径不拐弯 +7,OK,R1BDB4:1
19,DS-104,10kV2#PT柜,10kV烧成配电站二段,房间_1CEED,房间_1CEED,否,10,9.3,10,-0.7,2.262,7.038,路径不拐弯 +7,OK,R1BDB4:1
20,DS-105,10kV烧成配电站二段,10kV石膏烘干配电站,房间_1CEED,房间_1CEED,否,9,8.7,9,-0.3,1.701,6.999,路径不拐弯 +7,OK,R1BDB4:1
21,DS-106,10kV2-4#预留馈线柜,10kV2-3#预留馈线柜,房间_1CEED,房间_1CEED,否,9,8.3,9,-0.7,1.275,7.025,路径不拐弯 +7,OK,R1BDB4:1
22,DS-107,10kV2-3#预留馈线柜,10kV2-2#预留馈线柜,房间_1CEED,房间_1CEED,否,10,9.1,10,-0.9,2.097,7.003,路径不拐弯 +7,OK,R1BDB4:1 -> R1BDB3:4
23,DS-108,10kV2-2#预留馈线柜,10kV2-1#预留馈线柜,房间_1CEED,房间_1CEED,否,9,8.2,9,-0.8,1.177,7.023,路径不拐弯 +7,OK,R1BDB3:4
24,DS-109,10kV2-1#预留馈线柜,10kV2#站用变柜,房间_1CEED,房间_1CEED,否,9,8.1,9,-0.9,1.143,6.957,路径不拐弯 +7,OK,R1BDB3:4
25,DS-110,10kV2#电容器柜,10kV1#分段开关柜,房间_1CEED,房间_1CEED,否,9,8.7,9,-0.3,1.663,7.037,路径不拐弯 +7,OK,R1BDB3:4
26,DS-111,10kV1#分段开关柜,10kV1#PT柜,房间_1CEED,房间_1CEED,否,10,9.4,10,-0.6,2.412,6.988,路径不拐弯 +7,OK,R1BDB3:4
27,DS-112,10kV1#PT柜,10kV1#电容器柜,房间_1CEED,房间_1CEED,否,30,29.2,30,-0.8,17.295,11.905,路径拐弯/跨楼层（+7）×1.2,OK,R1BDB3:4 -> R1BDB5:1 -> R1BDBA:1
28,DS-113,10kV1#电容器柜,10kV1#站用变柜,房间_1CEED,房间_1CEED,否,8,8.0,8,0.0,1.049,6.951,路径不拐弯 +7,OK,R1BDBA:1
29,DS-114,10kV1-1#预留馈线柜,10kV1-2#预留馈线柜,房间_1CEED,房间_1CEED,否,8,7.9,8,-0.1,0.921,6.979,路径不拐弯 +7,OK,R1BDBA:1
30,DS-115,10kV1-2#预留馈线柜,10kV1-3#预留馈线柜,房间_1CEED,房间_1CEED,否,9,8.4,9,-0.6,1.352,7.048,路径不拐弯 +7,OK,R1BDBA:1
31,DS-116,10kV1-3#预留馈线柜,10kV1-4#预留馈线柜,房间_1CEED,房间_1CEED,否,8,7.8,8,-0.2,0.85,6.95,路径不拐弯 +7,OK,R1BDBA:1
32,DS-117,10kV1-4#预留馈线柜,10kV硫酸变配电室三段,房间_1CEED,房间_1CEED,否,8,7.9,8,-0.1,0.914,6.986,路径不拐弯 +7,OK,R1BDBA:1
33,DS-118,10kV硫酸变配电室一段,10kV水泥粉磨配电站,房间_1CEED,房间_1CEED,否,9,8.9,9,-0.1,1.939,6.961,路径不拐弯 +7,OK,R1BDBA:1 -> R1BDBB:1
34,DS-119,10kV水泥粉磨配电站,10kV烧成配电站一段,房间_1CEED,房间_1CEED,否,8,8.0,8,0.0,0.983,7.017,路径不拐弯 +7,OK,R1BDBB:1
35,DS-120,10kV烧成配电站一段,10kV2#分段开关柜,房间_1CEED,房间_1CEED,否,9,8.2,9,-0.8,1.162,7.038,路径不拐弯 +7,OK,R1BDBB:1
36,DS-121,10kV1#备用电源馈线柜,10kV2#备用电源馈线柜,房间_1CEED,房间_1CEED,否,9,8.1,9,-0.9,1.055,7.045,路径不拐弯 +7,OK,R1BDBB:1
37,DS-122,10kV2#备用电源馈线柜,10kV3#备用电源馈线柜,房间_1CEED,房间_1CEED,否,9,8.2,9,-0.8,1.212,6.988,路径不拐弯 +7,OK,R1BDBB:1
38,DS-123,10kV3#备用电源馈线柜,10kV3#PT柜,房间_1CEED,房间_1CEED,否,8,8.0,8,0.0,1.022,6.978,路径不拐弯 +7,OK,R1BDBB:1
39,DS-124,10kV3#PT柜,10kV备用电源进线柜,房间_1CEED,房间_1CEED,否,8,8.0,8,0.0,1.002,6.998,路径不拐弯 +7,OK,R1BDBB:1
40,CD-151,远动通信柜,直流充电柜,房间_1CEF3,房间_1CEF3,否,18,17.3,18,-0.7,7.457,9.843,路径拐弯/跨楼层（+7）×1.2,OK,R1BDBC:6 -> R1BDBC:5 -> R1BDBC:4
41,DN-151,远动通信柜,电流接地选线及电能量采集柜,房间_1CEF3,房间_1CEF3,否,9,8.6,9,-0.4,1.628,6.972,路径不拐弯 +7,OK,R1BDBC:6
42,1SR-151,远动通信柜,10kV1#电容器组,房间_1CEF3,,是,43,45.1,46,2.1,28.063,17.037,路径拐弯/跨楼层（+7）×1.2；跨房间 +3,OK,R1BDBC:6 -> R1BDC2:3 -> R1BDC2:2 -> R1BDBA:1 -> R1BDBA:2 -> R1BDBA:3；竖井：ZJ2
43,2SR-151,远动通信柜,10kV2#电容器组,房间_1CEF3,,是,43,44.9,45,1.9,27.883,17.017,路径拐弯/跨楼层（+7）×1.2；跨房间 +3,OK,R1BDBC:6 -> R1BDBC:5 -> R1BDBC:4 -> R1BDB3:3 -> R1BDB3:4 -> R1BDB3:5 -> R1BDB3:6；竖井：ZJ1
44,1ZYB-151,远动通信柜,10kV1#站用变,房间_1CEF3,,是,29,28.3,29,-0.7,14.097,14.203,路径拐弯/跨楼层（+7）×1.2；跨房间 +3,OK,R1BDBC:6 -> R1BDC2:1 -> R1BDC3:3 -> R1BDC3:2 -> R1BDC3:1
45,2ZYB-151,远动通信柜,10kV2#站用变,房间_1CEF3,,是,28,27.2,28,-0.8,13.143,14.057,路径拐弯/跨楼层（+7）×1.2；跨房间 +3,OK,R1BDBC:6 -> R1BDC0:1 -> R1BDBC:3 -> R1BDBC:2 -> R1BDBC:1
46,DB-101,电流接地选线及电能量采集柜,35kV1#主变进线柜,房间_1CEF3,房间_1CEF2,是,41,42.7,43,1.7,26.061,16.639,路径拐弯/跨楼层（+7）×1.2；跨房间 +3,OK,R1BDBC:6 -> R1BDC2:3 -> R1BDC2:2 -> R1BDBA:1 -> R1BDBB:1；竖井：ZJ2
47,DB-102,35kV1#主变进线柜,35kV2#主变进线柜,房间_1CEF2,房间_1CEF2,否,9,8.9,9,-0.1,1.936,6.964,路径不拐弯 +7,OK,R1BDBB:1
48,DB-103,35kV2#主变进线柜,35kV出线柜,房间_1CEF2,房间_1CEF2,否,11,10.1,11,-0.9,3.075,7.025,路径不拐弯 +7,OK,R1BDBB:1
49,DB-104,电流接地选线及电能量采集柜,10kV张东10KV开闭所开关柜,房间_1CEF3,房间_1CEED,是,34,35.8,36,1.8,20.306,15.494,路径拐弯/跨楼层（+7）×1.2；跨房间 +3,OK,R1BDBC:6 -> R1BDBC:5 -> R1BDBC:4 -> R1BDB3:3 -> R1BDB4:1；竖井：ZJ1
50,DB-105,10kV张东10KV开闭所开关柜,10kV硫酸变配电室二段,房间_1CEED,房间_1CEED,否,9,8.3,9,-0.7,1.25,7.05,路径不拐弯 +7,OK,R1BDB4:1
51,DB-106,10kV硫酸变配电室二段,10kV2#主变进线柜,房间_1CEED,房间_1CEED,否,10,9.1,10,-0.9,2.109,6.991,路径不拐弯 +7,OK,R1BDB4:1
52,DB-107,10kV2#主变进线柜,10kV烧成配电站二段,房间_1CEED,房间_1CEED,否,9,8.4,9,-0.6,1.356,7.044,路径不拐弯 +7,OK,R1BDB4:1
53,DB-108,10kV烧成配电站二段,10kV石膏烘干配电站,房间_1CEED,房间_1CEED,否,9,8.7,9,-0.3,1.701,6.999,路径不拐弯 +7,OK,R1BDB4:1
54,DB-109,10kV石膏烘干配电站,10kV2-4#预留馈线柜,房间_1CEED,房间_1CEED,否,9,8.3,9,-0.7,1.311,6.989,路径不拐弯 +7,OK,R1BDB4:1
55,DB-110,10kV2-4#预留馈线柜,10kV2-3#预留馈线柜,房间_1CEED,房间_1CEED,否,9,8.3,9,-0.7,1.275,7.025,路径不拐弯 +7,OK,R1BDB4:1
56,DB-111,10kV2-3#预留馈线柜,10kV2-2#预留馈线柜,房间_1CEED,房间_1CEED,否,10,9.1,10,-0.9,2.097,7.003,路径不拐弯 +7,OK,R1BDB4:1 -> R1BDB3:4
57,DB-112,10kV2-2#预留馈线柜,10kV2-1#预留馈线柜,房间_1CEED,房间_1CEED,否,9,8.2,9,-0.8,1.177,7.023,路径不拐弯 +7,OK,R1BDB3:4
58,DB-113,10kV2-1#预留馈线柜,10kV2#站用变柜,房间_1CEED,房间_1CEED,否,9,8.1,9,-0.9,1.143,6.957,路径不拐弯 +7,OK,R1BDB3:4
59,DB-114,10kV2#站用变柜,10kV2#电容器柜,房间_1CEED,房间_1CEED,否,9,8.1,9,-0.9,1.087,7.013,路径不拐弯 +7,OK,R1BDB3:4
60,DB-115,电流接地选线及电能量采集柜,10kV1#主变进线柜,房间_1CEF3,房间_1CEED,是,34,36.3,37,2.3,20.768,15.532,路径拐弯/跨楼层（+7）×1.2；跨房间 +3,OK,R1BDBC:6 -> R1BDBC:5 -> R1BDBC:4 -> R1BDB3:3 -> R1BDB3:4；竖井：ZJ1
61,DB-116,10kV1#主变进线柜,10kV1#电容器柜,房间_1CEED,房间_1CEED,否,31,30.5,31,-0.5,18.38,12.12,路径拐弯/跨楼层（+7）×1.2,OK,R1BDB3:4 -> R1BDB5:1 -> R1BDBA:1
62,DB-117,10kV1#电容器柜,10kV1#站用变柜,房间_1CEED,房间_1CEED,否,8,8.0,8,0.0,1.049,6.951,路径不拐弯 +7,OK,R1BDBA:1
63,DB-118,10kV1#站用变柜,10kV1-1#预留馈线柜,房间_1CEED,房间_1CEED,否,9,8.1,9,-0.9,1.107,6.993,路径不拐弯 +7,OK,R1BDBA:1
64,DB-119,10kV1-1#预留馈线柜,10kV1-2#预留馈线柜,房间_1CEED,房间_1CEED,否,8,7.9,8,-0.1,0.921,6.979,路径不拐弯 +7,OK,R1BDBA:1
65,DB-120,10kV1-2#预留馈线柜,10kV1-3#预留馈线柜,房间_1CEED,房间_1CEED,否,9,8.4,9,-0.6,1.352,7.048,路径不拐弯 +7,OK,R1BDBA:1
66,DB-121,10kV1-3#预留馈线柜,10kV1-4#预留馈线柜,房间_1CEED,房间_1CEED,否,8,7.8,8,-0.2,0.85,6.95,路径不拐弯 +7,OK,R1BDBA:1
67,DB-122,10kV1-4#预留馈线柜,10kV硫酸变配电室三段,房间_1CEED,房间_1CEED,否,8,7.9,8,-0.1,0.914,6.986,路径不拐弯 +7,OK,R1BDBA:1
68,DB-123,10kV硫酸变配电室三段,10kV硫酸变配电室一段,房间_1CEED,房间_1CEED,否,8,7.9,8,-0.1,0.904,6.996,路径不拐弯 +7,OK,R1BDBA:1
69,DB-124,10kV硫酸变配电室一段,10kV水泥粉磨配电站,房间_1CEED,房间_1CEED,否,9,8.9,9,-0.1,1.939,6.961,路径不拐弯 +7,OK,R1BDBA:1 -> R1BDBB:1
70,DB-125,10kV水泥粉磨配电站,10kV烧成配电站一段,房间_1CEED,房间_1CEED,否,8,8.0,8,0.0,0.983,7.017,路径不拐弯 +7,OK,R1BDBB:1
71,DB-126,10kV烧成配电站一段,10kV1#备用电源馈线柜,房间_1CEED,房间_1CEED,否,11,10.4,11,-0.6,3.387,7.013,路径不拐弯 +7,OK,R1BDBB:1
72,DB-127,10kV1#备用电源馈线柜,10kV2#备用电源馈线柜,房间_1CEED,房间_1CEED,否,9,8.1,9,-0.9,1.055,7.045,路径不拐弯 +7,OK,R1BDBB:1
73,DB-128,10kV2#备用电源馈线柜,10kV3#备用电源馈线柜,房间_1CEED,房间_1CEED,否,9,8.2,9,-0.8,1.212,6.988,路径不拐弯 +7,OK,R1BDBB:1
74,DB-129,10kV3#备用电源馈线柜,10kV备用电源进线柜,房间_1CEED,房间_1CEED,否,9,8.8,9,-0.2,1.818,6.982,路径不拐弯 +7,OK,R1BDBB:1
75,1BC-131,公用测控及时钟同步系统柜,1#主变测控柜,房间_1CEF3,房间_1CEF3,否,10,9.4,10,-0.6,2.428,6.972,路径不拐弯 +7,OK,R1BDBC:6
76,2BC-131,公用测控及时钟同步系统柜,2#主变测控柜,房间_1CEF3,房间_1CEF3,否,11,11.0,11,0.0,4.028,6.972,路径不拐弯 +7,OK,R1BDBC:6
77,CD-131,公用测控及时钟同步系统柜,直流充电柜,房间_1CEF3,房间_1CEF3,否,19,18.3,19,-0.7,8.257,10.043,路径拐弯/跨楼层（+7）×1.2,OK,R1BDBC:6 -> R1BDBC:5 -> R1BDBC:4
78,CK-131,公用测控及时钟同步系统柜,1#主变测控柜,房间_1CEF3,房间_1CEF3,否,10,9.4,10,-0.6,2.428,6.972,路径不拐弯 +7,OK,R1BDBC:6
79,CK-231,公用测控及时钟同步系统柜,交流电源柜,房间_1CEF3,房间_1CEF3,否,20,19.1,20,-0.9,8.889,10.211,路径拐弯/跨楼层（+7）×1.2,OK,R1BDBC:6 -> R1BDC0:1 -> R1BDBC:4
80,CK-232,公用测控及时钟同步系统柜,交流电源柜,房间_1CEF3,房间_1CEF3,否,20,19.1,20,-0.9,8.889,10.211,路径拐弯/跨楼层（+7）×1.2,OK,R1BDBC:6 -> R1BDC0:1 -> R1BDBC:4
81,CK-233,公用测控及时钟同步系统柜,交流电源柜,房间_1CEF3,房间_1CEF3,否,20,19.1,20,-0.9,8.889,10.211,路径拐弯/跨楼层（+7）×1.2,OK,R1BDBC:6 -> R1BDC0:1 -> R1BDBC:4
82,CK-234,公用测控及时钟同步系统柜,交流电源柜,房间_1CEF3,房间_1CEF3,否,20,19.1,20,-0.9,8.889,10.211,路径拐弯/跨楼层（+7）×1.2,OK,R1BDBC:6 -> R1BDC0:1 -> R1BDBC:4
83,DN-131,公用测控及时钟同步系统柜,电流接地选线及电能量采集柜,房间_1CEF3,房间_1CEF3,否,8,7.8,8,-0.2,0.828,6.972,路径不拐弯 +7,OK,R1BDBC:6
84,HZ-131,公用测控及时钟同步系统柜,火灾报警主机,房间_1CEF3,房间_1CEF3,否,22,21.2,22,-0.8,10.683,10.517,路径拐弯/跨楼层（+7）×1.2,OK,R1BDBC:6 -> R1BDC2:3 -> R1BDC4:2 -> R1BDC4:1
85,JL-131,公用测控及时钟同步系统柜,交流电源柜,房间_1CEF3,房间_1CEF3,否,20,19.1,20,-0.9,8.889,10.211,路径拐弯/跨楼层（+7）×1.2,OK,R1BDBC:6 -> R1BDC0:1 -> R1BDBC:4
86,LB-131,公用测控及时钟同步系统柜,故障录波柜,房间_1CEF3,房间_1CEF3,否,18,17.1,18,-0.9,7.289,9.811,路径拐弯/跨楼层（+7）×1.2,OK,R1BDBC:6 -> R1BDC0:1 -> R1BDBC:4
87,1SYH-131,公用测控及时钟同步系统柜,10kV1#PT柜,房间_1CEF3,房间_1CEED,是,32,34.1,35,2.1,18.883,15.217,路径拐弯/跨楼层（+7）×1.2；跨房间 +3,OK,R1BDBC:6 -> R1BDBC:5 -> R1BDBC:4 -> R1BDB3:3 -> R1BDB3:4；竖井：ZJ1
88,2SYH-131,公用测控及时钟同步系统柜,10kV2#PT柜,房间_1CEF3,房间_1CEED,是,31,32.8,33,1.8,17.831,14.969,路径拐弯/跨楼层（+7）×1.2；跨房间 +3,OK,R1BDBC:6 -> R1BDBC:5 -> R1BDBC:4 -> R1BDB3:3 -> R1BDB4:1；竖井：ZJ1
89,3SYH-131,公用测控及时钟同步系统柜,10kV3#PT柜,房间_1CEF3,房间_1CEED,是,33,34.9,35,1.9,19.571,15.329,路径拐弯/跨楼层（+7）×1.2；跨房间 +3,OK,R1BDBC:6 -> R1BDC2:3 -> R1BDC2:2 -> R1BDBA:1 -> R1BDBB:1；竖井：ZJ2
90,UPS-131,公用测控及时钟同步系统柜,UPS电源柜,房间_1CEF3,房间_1CEF3,否,19,18.1,19,-0.9,8.089,10.011,路径拐弯/跨楼层（+7）×1.2,OK,R1BDBC:6 -> R1BDC0:1 -> R1BDBC:4
91,UYH-131,公用测控及时钟同步系统柜,35kVPT柜,房间_1CEF3,房间_1CEF2,是,43,45.4,46,2.4,28.37,17.03,路径拐弯/跨楼层（+7）×1.2；跨房间 +3,OK,R1BDBC:6 -> R1BDC2:3 -> R1BDC2:2 -> R1BDBA:1 -> R1BDBB:1；竖井：ZJ2
92,YD-131,公用测控及时钟同步系统柜,远动通信柜,房间_1CEF3,房间_1CEF3,否,8,7.8,8,-0.2,0.828,6.972,路径不拐弯 +7,OK,R1BDBC:6
93,ZL-131,公用测控及时钟同步系统柜,直流馈线柜,房间_1CEF3,房间_1CEF3,否,20,19.3,20,-0.7,9.057,10.243,路径拐弯/跨楼层（+7）×1.2,OK,R1BDBC:6 -> R1BDBC:5 -> R1BDBC:4
94,JL-01,交流电源柜,故障录波柜,房间_1CEF3,房间_1CEF3,否,9,8.7,9,-0.3,1.681,7.019,路径不拐弯 +7,OK,R1BDBC:4
95,JL-02,交流电源柜,公用测控及时钟同步系统柜,房间_1CEF3,房间_1CEF3,否,20,19.1,20,-0.9,8.889,10.211,路径拐弯/跨楼层（+7）×1.2,OK,R1BDBC:4 -> R1BDC0:1 -> R1BDBC:6
96,JL-03,交流电源柜,1#主变本体端子箱,房间_1CEF3,,是,38,39.8,40,1.8,23.681,16.119,路径拐弯/跨楼层（+7）×1.2；跨房间 +3,OK,R1BDBC:4 -> R1BDB3:3 -> R1BDB3:2 -> R1BDB3:1；竖井：ZJ1
97,JL-04,交流电源柜,2#主变本体端子箱,房间_1CEF3,,是,33,32.1,33,-0.9,17.27,14.83,路径拐弯/跨楼层（+7）×1.2；跨房间 +3,OK,R1BDBC:4 -> R1BDB3:3 -> R1C2C7:3 -> R1C2F5:1；竖井：ZJ1
98,JL-05,交流电源柜,1#主变有载开关,房间_1CEF3,,是,32,34.3,35,2.3,19.093,15.207,路径拐弯/跨楼层（+7）×1.2；跨房间 +3,OK,R1BDBC:4 -> R1BDB3:3 -> R1BDB3:2 -> R1C2F4:1；竖井：ZJ1
99,JL-06,交流电源柜,2#主变有载开关,房间_1CEF3,,是,36,38.1,39,2.1,22.231,15.869,路径拐弯/跨楼层（+7）×1.2；跨房间 +3,OK,R1BDBC:4 -> R1BDB3:3 -> R1C2C7:3 -> R1C2F9:1；竖井：ZJ1
100,JL-07,交流电源柜,10kV1#电容器组,房间_1CEF3,,是,42,44.4,45,2.4,27.514,16.886,路径拐弯/跨楼层（+7）×1.2；跨房间 +3,OK,R1BDBC:4 -> R1BDB3:3 -> R1BDB5:1 -> R1BDBA:1 -> R1BDBA:2 -> R1BDBA:3；竖井：ZJ1
101,JL-08,交流电源柜,10kV2#电容器组,房间_1CEF3,,是,39,41.2,42,2.2,24.834,16.366,路径拐弯/跨楼层（+7）×1.2；跨房间 +3,OK,R1BDBC:4 -> R1BDB3:3 -> R1BDB3:4 -> R1BDB3:5 -> R1BDB3:6；竖井：ZJ1
102,JL-11,交流电源柜,35kV1#主变进线柜,房间_1CEF3,房间_1CEF2,是,38,40.0,40,2.0,23.865,16.135,路径拐弯/跨楼层（+7）×1.2；跨房间 +3,OK,R1BDBC:4 -> R1BDB3:3 -> R1BDB5:1 -> R1BDBB:1；竖井：ZJ1
103,JL-17,交流电源柜,自动化舱照明配电箱,房间_1CEF3,房间_1CEF3,否,26,25.8,26,-0.2,14.514,11.286,路径拐弯/跨楼层（+7）×1.2,OK,R1BDBC:4 -> R1BDBC:5 -> R1BDC2:3 -> R1BDC4:2 -> R1BDC4:1
104,JL-18,交流电源柜,10kV1#主变进线柜,房间_1CEF3,房间_1CEED,是,32,30.7,31,-1.3,16.119,14.581,路径拐弯/跨楼层（+7）×1.2；跨房间 +3,OK,R1BDBC:4 -> R1BDB3:3 -> R1BDB3:4；竖井：ZJ1
105,JL-19,交流电源柜,10kV张东10KV开闭所开关柜,房间_1CEF3,房间_1CEED,是,31,30.2,31,-0.8,15.657,14.543,路径拐弯/跨楼层（+7）×1.2；跨房间 +3,OK,R1BDBC:4 -> R1BDB3:3 -> R1BDB4:1；竖井：ZJ1
106,JL-20,交流电源柜,10kV备用电源进线柜,房间_1CEF3,房间_1CEED,是,32,34.2,35,2.2,18.971,15.229,路径拐弯/跨楼层（+7）×1.2；跨房间 +3,OK,R1BDBC:4 -> R1BDB3:3 -> R1BDB5:1 -> R1BDBB:1；竖井：ZJ1
107,JL-21,交流电源柜,户外照明配电箱,房间_1CEF3,,是,63,65.0,65,2.0,44.642,20.358,路径拐弯/跨楼层（+7）×1.2；跨房间 +3,OK,R1BDBC:4 -> R1BDB3:3 -> R1C2C7:3 -> R1C2C7:2 -> R1C2C7:1 -> R1C2C8:1 -> R1C27D:1；竖井：ZJ1
108,JL-22,交流电源柜,35kV预制舱照明配电箱,房间_1CEF3,房间_1CEF2,是,49,50.7,51,1.7,32.721,17.979,路径拐弯/跨楼层（+7）×1.2；跨房间 +3,OK,R1BDBC:4 -> R1BDB3:3 -> R1BDB5:1 -> R1BDBB:1 -> R1C26C:1 -> R1C26C:2；竖井：ZJ1
109,JL-28,交流电源柜,35kV预制舱检修配电箱,房间_1CEF3,房间_1CEF2,是,49,50.6,51,1.6,32.677,17.923,路径拐弯/跨楼层（+7）×1.2；跨房间 +3,OK,R1BDBC:4 -> R1BDB3:3 -> R1BDB5:1 -> R1BDBB:1 -> R1C26C:1 -> R1C26C:2；竖井：ZJ1
110,JL-29,交流电源柜,35kV预制舱动力配电箱2,房间_1CEF3,房间_1CEF2,是,49,50.6,51,1.6,32.636,17.964,路径拐弯/跨楼层（+7）×1.2；跨房间 +3,OK,R1BDBC:4 -> R1BDB3:3 -> R1BDB5:1 -> R1BDBB:1 -> R1C26C:1 -> R1C26C:2；竖井：ZJ1
111,JL-30,交流电源柜,35kV预制舱动力配电箱1,房间_1CEF3,房间_1CEF2,是,49,50.5,51,1.5,32.591,17.909,路径拐弯/跨楼层（+7）×1.2；跨房间 +3,OK,R1BDBC:4 -> R1BDB3:3 -> R1BDB5:1 -> R1BDBB:1 -> R1C26C:1 -> R1C26C:2；竖井：ZJ1
112,JL-31,交流电源柜,自动化舱检修配电箱,房间_1CEF3,房间_1CEF3,否,26,25.8,26,-0.2,14.507,11.293,路径拐弯/跨楼层（+7）×1.2,OK,R1BDBC:4 -> R1BDBC:5 -> R1BDC2:3 -> R1BDC4:2 -> R1BDC4:1
113,JL-32,交流电源柜,自动化舱动力配电箱,房间_1CEF3,房间_1CEF3,否,26,25.9,26,-0.1,14.55,11.35,路径拐弯/跨楼层（+7）×1.2,OK,R1BDBC:4 -> R1BDBC:5 -> R1BDC2:3 -> R1BDC4:2 -> R1BDC4:1
114,JL-33,交流电源柜,户外检修配电箱,房间_1CEF3,,是,62,63.5,64,1.5,43.41,20.09,路径拐弯/跨楼层（+7）×1.2；跨房间 +3,OK,R1BDBC:4 -> R1BDB3:3 -> R1C2C7:3 -> R1C2C7:2 -> R1C2C7:1 -> R1C2C8:2；竖井：ZJ1
115,SML-01,故障录波柜,2#主变测控柜,房间_1CEF3,房间_1CEF3,否,13,12.3,13,-0.7,3.289,9.011,路径拐弯/跨楼层（+7）×1.2,OK,R1BDBC:4 -> R1BDC0:1 -> R1BDBC:6
116,SML-02,2#主变测控柜,2#主变保护柜,房间_1CEF3,房间_1CEF3,否,8,7.8,8,-0.2,0.828,6.972,路径不拐弯 +7,OK,R1BDBC:6
117,SML-03,1#主变测控柜,2#主变保护柜,房间_1CEF3,房间_1CEF3,否,8,7.8,8,-0.2,0.828,6.972,路径不拐弯 +7,OK,R1BDBC:6
118,SML-04,1#主变测控柜,1#主变保护柜,房间_1CEF3,房间_1CEF3,否,8,7.8,8,-0.2,0.828,6.972,路径不拐弯 +7,OK,R1BDBC:6
119,SML-05,电流接地选线及电能量采集柜,1#主变保护柜,房间_1CEF3,房间_1CEF3,否,8,7.8,8,-0.2,0.828,6.972,路径不拐弯 +7,OK,R1BDBC:6
120,SML-06,公用测控及时钟同步系统柜,电流接地选线及电能量采集柜,房间_1CEF3,房间_1CEF3,否,8,7.8,8,-0.2,0.828,6.972,路径不拐弯 +7,OK,R1BDBC:6
121,UPS-01,UPS电源柜,远动通信柜,房间_1CEF3,房间_1CEF3,否,20,19.1,20,-0.9,8.889,10.211,路径拐弯/跨楼层（+7）×1.2,OK,R1BDBC:4 -> R1BDC0:1 -> R1BDBC:6
122,UPS-02,UPS电源柜,自动化舱事故照明,房间_1CEF3,房间_1CEF3,否,27,26.4,27,-0.6,14.975,11.425,路径拐弯/跨楼层（+7）×1.2,OK,R1BDBC:4 -> R1BDBC:5 -> R1BDC2:3 -> R1BDC4:2 -> R1BDC4:1
123,UPS-03,UPS电源柜,35kV预制舱事故照明,房间_1CEF3,房间_1CEF2,是,50,51.7,52,1.7,33.566,18.134,路径拐弯/跨楼层（+7）×1.2；跨房间 +3,OK,R1BDBC:4 -> R1BDB3:3 -> R1BDB5:1 -> R1BDBB:1 -> R1C26C:1 -> R1C26C:2；竖井：ZJ1
124,UPS-04,UPS电源柜,1#主变测控柜,房间_1CEF3,房间_1CEF3,否,16,15.2,16,-0.8,5.689,9.511,路径拐弯/跨楼层（+7）×1.2,OK,R1BDBC:4 -> R1BDC0:1 -> R1BDBC:6
125,UPS-05,UPS电源柜,2#主变测控柜,房间_1CEF3,房间_1CEF3,否,14,13.3,14,-0.7,4.089,9.211,路径拐弯/跨楼层（+7）×1.2,OK,R1BDBC:4 -> R1BDC0:1 -> R1BDBC:6
126,UPS-11,UPS电源柜,智能辅助监控系统屏,房间_1CEF3,房间_1CEF3,否,12,11.1,12,-0.9,4.081,7.019,路径不拐弯 +7,OK,R1BDBC:4
127,UPS-12,UPS电源柜,火灾报警主机,房间_1CEF3,房间_1CEF3,否,28,27.1,28,-0.9,15.621,11.479,路径拐弯/跨楼层（+7）×1.2,OK,R1BDBC:4 -> R1BDBC:5 -> R1BDC2:3 -> R1BDC4:2 -> R1BDC4:1
128,UPS-13,UPS电源柜,火灾报警主机,房间_1CEF3,房间_1CEF3,否,28,27.1,28,-0.9,15.621,11.479,路径拐弯/跨楼层（+7）×1.2,OK,R1BDBC:4 -> R1BDBC:5 -> R1BDC2:3 -> R1BDC4:2 -> R1BDC4:1
129,UPS-14,UPS电源柜,自动化舱后台插座,房间_1CEF3,房间_1CEF3,否,23,22.7,23,-0.3,11.935,10.765,路径拐弯/跨楼层（+7）×1.2,OK,R1BDBC:4 -> R1BDBC:5 -> R1BDC2:3 -> R1C278:1 -> R1C278:2
130,CD-130,直流充电柜,故障录波柜,房间_1CEF3,房间_1CEF3,否,11,10.3,11,-0.7,3.281,7.019,路径不拐弯 +7,OK,R1BDBC:4
131,ZL-01,直流馈线柜,公用测控及时钟同步系统柜,房间_1CEF3,房间_1CEF3,否,20,19.3,20,-0.7,9.057,10.243,路径拐弯/跨楼层（+7）×1.2,OK,R1BDBC:4 -> R1BDBC:5 -> R1BDBC:6
132,ZL-02,直流馈线柜,公用测控及时钟同步系统柜,房间_1CEF3,房间_1CEF3,否,20,19.3,20,-0.7,9.057,10.243,路径拐弯/跨楼层（+7）×1.2,OK,R1BDBC:4 -> R1BDBC:5 -> R1BDBC:6
133,ZL-03,直流馈线柜,电流接地选线及电能量采集柜,房间_1CEF3,房间_1CEF3,否,20,19.1,20,-0.9,8.889,10.211,路径拐弯/跨楼层（+7）×1.2,OK,R1BDBC:4 -> R1BDC0:1 -> R1BDBC:6
134,ZL-04,直流馈线柜,故障录波柜,房间_1CEF3,房间_1CEF3,否,10,9.5,10,-0.5,2.481,7.019,路径不拐弯 +7,OK,R1BDBC:4
135,ZL-05,直流馈线柜,远动通信柜,房间_1CEF3,房间_1CEF3,否,19,18.3,19,-0.7,8.257,10.043,路径拐弯/跨楼层（+7）×1.2,OK,R1BDBC:4 -> R1BDBC:5 -> R1BDBC:6
136,ZL-06,直流馈线柜,远动通信柜,房间_1CEF3,房间_1CEF3,否,19,18.3,19,-0.7,8.257,10.043,路径拐弯/跨楼层（+7）×1.2,OK,R1BDBC:4 -> R1BDBC:5 -> R1BDBC:6
137,ZL-07,直流馈线柜,10kV1#电容器组,房间_1CEF3,,是,42,43.5,44,1.5,26.714,16.786,路径拐弯/跨楼层（+7）×1.2；跨房间 +3,OK,R1BDBC:4 -> R1BDB3:3 -> R1BDB5:1 -> R1BDBA:1 -> R1BDBA:2 -> R1BDBA:3；竖井：ZJ1
138,ZL-08,直流馈线柜,10kV2#电容器组,房间_1CEF3,,是,38,40.2,41,2.2,24.034,16.166,路径拐弯/跨楼层（+7）×1.2；跨房间 +3,OK,R1BDBC:4 -> R1BDB3:3 -> R1BDB3:4 -> R1BDB3:5 -> R1BDB3:6；竖井：ZJ1
139,ZL-09,直流馈线柜,10kV1#主变进线柜,房间_1CEF3,房间_1CEED,是,31,29.8,30,-1.2,15.319,14.481,路径拐弯/跨楼层（+7）×1.2；跨房间 +3,OK,R1BDBC:4 -> R1BDB3:3 -> R1BDB3:4；竖井：ZJ1
140,ZL-10,直流馈线柜,10kV2#主变进线柜,房间_1CEF3,房间_1CEED,是,27,26.1,27,-0.9,12.276,13.824,路径拐弯/跨楼层（+7）×1.2；跨房间 +3,OK,R1BDBC:4 -> R1BDB3:3 -> R1BDB4:1；竖井：ZJ1
141,ZL-11,直流馈线柜,1#主变保护柜,房间_1CEF3,房间_1CEF3,否,19,18.1,19,-0.9,8.089,10.011,路径拐弯/跨楼层（+7）×1.2,OK,R1BDBC:4 -> R1BDC0:1 -> R1BDBC:6
142,ZL-12,直流馈线柜,1#主变保护柜,房间_1CEF3,房间_1CEF3,否,19,18.1,19,-0.9,8.089,10.011,路径拐弯/跨楼层（+7）×1.2,OK,R1BDBC:4 -> R1BDC0:1 -> R1BDBC:6
143,ZL-13,直流馈线柜,2#主变保护柜,房间_1CEF3,房间_1CEF3,否,17,16.2,17,-0.8,6.489,9.711,路径拐弯/跨楼层（+7）×1.2,OK,R1BDBC:4 -> R1BDC0:1 -> R1BDBC:6
144,ZL-14,直流馈线柜,2#主变保护柜,房间_1CEF3,房间_1CEF3,否,17,16.2,17,-0.8,6.489,9.711,路径拐弯/跨楼层（+7）×1.2,OK,R1BDBC:4 -> R1BDC0:1 -> R1BDBC:6
145,ZL-16,直流馈线柜,35kV1#主变进线柜,房间_1CEF3,房间_1CEF2,是,37,39.1,40,2.1,23.065,16.035,路径拐弯/跨楼层（+7）×1.2；跨房间 +3,OK,R1BDBC:4 -> R1BDB3:3 -> R1BDB5:1 -> R1BDBB:1；竖井：ZJ1
146,ZL-17,直流馈线柜,35kV1#主变进线柜,房间_1CEF3,房间_1CEF2,是,37,39.1,40,2.1,23.065,16.035,路径拐弯/跨楼层（+7）×1.2；跨房间 +3,OK,R1BDBC:4 -> R1BDB3:3 -> R1BDB5:1 -> R1BDBB:1；竖井：ZJ1
147,ZL-18,直流馈线柜,1#主变测控柜,房间_1CEF3,房间_1CEF3,否,18,17.1,18,-0.9,7.289,9.811,路径拐弯/跨楼层（+7）×1.2,OK,R1BDBC:4 -> R1BDC0:1 -> R1BDBC:6
148,ZL-19,直流馈线柜,2#主变测控柜,房间_1CEF3,房间_1CEF3,否,16,15.2,16,-0.8,5.689,9.511,路径拐弯/跨楼层（+7）×1.2,OK,R1BDBC:4 -> R1BDC0:1 -> R1BDBC:6
149,ZL-26,直流馈线柜,10kV1#主变进线柜,房间_1CEF3,房间_1CEED,是,31,29.8,30,-1.2,15.319,14.481,路径拐弯/跨楼层（+7）×1.2；跨房间 +3,OK,R1BDBC:4 -> R1BDB3:3 -> R1BDB3:4；竖井：ZJ1
150,ZL-27,直流馈线柜,10kV1#主变进线柜,房间_1CEF3,房间_1CEED,是,31,29.8,30,-1.2,15.319,14.481,路径拐弯/跨楼层（+7）×1.2；跨房间 +3,OK,R1BDBC:4 -> R1BDB3:3 -> R1BDB3:4；竖井：ZJ1
151,ZL-28,直流馈线柜,10kV张东10KV开闭所开关柜,房间_1CEF3,房间_1CEED,是,30,29.2,30,-0.8,14.857,14.343,路径拐弯/跨楼层（+7）×1.2；跨房间 +3,OK,R1BDBC:4 -> R1BDB3:3 -> R1BDB4:1；竖井：ZJ1
152,ZL-29,直流馈线柜,10kV张东10KV开闭所开关柜,房间_1CEF3,房间_1CEED,是,30,29.2,30,-0.8,14.857,14.343,路径拐弯/跨楼层（+7）×1.2；跨房间 +3,OK,R1BDBC:4 -> R1BDB3:3 -> R1BDB4:1；竖井：ZJ1
153,ZL-30,直流馈线柜,10kV备用电源进线柜,房间_1CEF3,房间_1CEED,是,31,33.2,34,2.2,18.171,15.029,路径拐弯/跨楼层（+7）×1.2；跨房间 +3,OK,R1BDBC:4 -> R1BDB3:3 -> R1BDB5:1 -> R1BDBB:1；竖井：ZJ1
154,ZL-32,直流馈线柜,10kV备用电源进线柜,房间_1CEF3,房间_1CEED,是,31,33.2,34,2.2,18.171,15.029,路径拐弯/跨楼层（+7）×1.2；跨房间 +3,OK,R1BDBC:4 -> R1BDB3:3 -> R1BDB5:1 -> R1BDBB:1；竖井：ZJ1
155,U-101A,35kV出线柜,故障录波柜,房间_1CEF2,房间_1CEF3,是,45,47.0,47,2.0,29.657,17.343,路径拐弯/跨楼层（+7）×1.2；跨房间 +3,OK,R1BDBB:1 -> R1BDB5:1 -> R1BDB3:3 -> R1BDBC:4；竖井：ZJ1
156,U-101B,35kV出线柜,故障录波柜,房间_1CEF2,房间_1CEF3,是,45,47.0,47,2.0,29.657,17.343,路径拐弯/跨楼层（+7）×1.2；跨房间 +3,OK,R1BDBB:1 -> R1BDB5:1 -> R1BDB3:3 -> R1BDBC:4；竖井：ZJ1
157,U-102,35kV出线柜,35kVPT柜,房间_1CEF2,房间_1CEF2,否,9,8.5,9,-0.5,1.534,6.966,路径不拐弯 +7,OK,R1BDBB:1
158,UYH-101A,35kVPT柜,1#主变保护柜,房间_1CEF2,房间_1CEF3,是,45,47.4,48,2.4,29.97,17.43,路径拐弯/跨楼层（+7）×1.2；跨房间 +3,OK,R1BDBB:1 -> R1BDBA:1 -> R1BDC2:2 -> R1BDC2:3 -> R1BDBC:6；竖井：ZJ2
159,UYH-101B,35kVPT柜,1#主变保护柜,房间_1CEF2,房间_1CEF3,是,45,47.4,48,2.4,29.97,17.43,路径拐弯/跨楼层（+7）×1.2；跨房间 +3,OK,R1BDBB:1 -> R1BDBA:1 -> R1BDC2:2 -> R1BDC2:3 -> R1BDBC:6；竖井：ZJ2
160,UYH-102A,35kVPT柜,2#主变保护柜,房间_1CEF2,房间_1CEF3,是,46,47.6,48,1.6,30.149,17.451,路径拐弯/跨楼层（+7）×1.2；跨房间 +3,OK,R1BDBB:1 -> R1BDBA:1 -> R1BDC2:2 -> R1BDC2:1 -> R1BDBC:6；竖井：ZJ2
161,UYH-102B,35kVPT柜,2#主变保护柜,房间_1CEF2,房间_1CEF3,是,46,47.6,48,1.6,30.149,17.451,路径拐弯/跨楼层（+7）×1.2；跨房间 +3,OK,R1BDBB:1 -> R1BDBA:1 -> R1BDC2:2 -> R1BDC2:1 -> R1BDBC:6；竖井：ZJ2
162,UYH-103,35kVPT柜,1#主变测控柜,房间_1CEF2,房间_1CEF3,是,46,48.3,49,2.3,30.77,17.53,路径拐弯/跨楼层（+7）×1.2；跨房间 +3,OK,R1BDBB:1 -> R1BDBA:1 -> R1BDC2:2 -> R1BDC2:3 -> R1BDBC:6；竖井：ZJ2
163,UYH-104,35kVPT柜,2#主变测控柜,房间_1CEF2,房间_1CEF3,是,45,46.6,47,1.6,29.349,17.251,路径拐弯/跨楼层（+7）×1.2；跨房间 +3,OK,R1BDBB:1 -> R1BDBA:1 -> R1BDC2:2 -> R1BDC2:1 -> R1BDBC:6；竖井：ZJ2
164,UYH-105A,35kVPT柜,故障录波柜,房间_1CEF2,房间_1CEF3,是,44,45.7,46,1.7,28.574,17.126,路径拐弯/跨楼层（+7）×1.2；跨房间 +3,OK,R1BDBB:1 -> R1BDB5:1 -> R1BDB3:3 -> R1BDBC:4；竖井：ZJ1
165,UYH-105B,35kVPT柜,故障录波柜,房间_1CEF2,房间_1CEF3,是,44,45.7,46,1.7,28.574,17.126,路径拐弯/跨楼层（+7）×1.2；跨房间 +3,OK,R1BDBB:1 -> R1BDB5:1 -> R1BDB3:3 -> R1BDBC:4；竖井：ZJ1
166,UYH-106,35kVPT柜,本柜1YD端子排,,,否,5,,,,,,,缺少终点柜坐标：本柜1YD端子排,
167,1B-191,1#主变有载开关,1#主变测控柜,,房间_1CEF3,是,40,41.8,42,1.8,25.342,16.458,路径拐弯/跨楼层（+7）×1.2；跨房间 +3,OK,R1C2F4:1 -> R1BDB3:2 -> R1BDB3:3 -> R1BDBC:4 -> R1BDBC:5 -> R1BDBC:6；竖井：ZJ1
168,1B-192,1#主变本体端子箱,1#主变保护柜,,房间_1CEF3,是,44,46.4,47,2.4,29.13,17.27,路径拐弯/跨楼层（+7）×1.2；跨房间 +3,OK,R1BDB3:1 -> R1BDB3:2 -> R1BDB3:3 -> R1BDBC:4 -> R1BDBC:5 -> R1BDBC:6；竖井：ZJ1
169,1B-193,1#主变本体端子箱,1#主变测控柜,,房间_1CEF3,是,45,47.3,48,2.3,29.93,17.37,路径拐弯/跨楼层（+7）×1.2；跨房间 +3,OK,R1BDB3:1 -> R1BDB3:2 -> R1BDB3:3 -> R1BDBC:4 -> R1BDBC:5 -> R1BDBC:6；竖井：ZJ1
170,1B-194,1#主变本体端子箱,1#主变有载开关,,,否,27,26.5,27,-0.5,15.105,11.395,路径拐弯/跨楼层（+7）×1.2,OK,R1BDB3:1 -> R1BDB3:2 -> R1C2F4:1
171,2B-191,2#主变有载开关,2#主变测控柜,,房间_1CEF3,是,42,43.8,44,1.8,27.039,16.761,路径拐弯/跨楼层（+7）×1.2；跨房间 +3,OK,R1C2F9:1 -> R1C2C7:3 -> R1BDB3:3 -> R1BDBC:4 -> R1BDC0:1 -> R1BDBC:6；竖井：ZJ1
172,2B-192,2#主变本体端子箱,2#主变保护柜,,房间_1CEF3,是,37,38.9,39,1.9,22.878,16.022,路径拐弯/跨楼层（+7）×1.2；跨房间 +3,OK,R1C2F5:1 -> R1C2C7:3 -> R1BDB3:3 -> R1BDBC:4 -> R1BDC0:1 -> R1BDBC:6；竖井：ZJ1
173,2B-193,2#主变本体端子箱,2#主变测控柜,,房间_1CEF3,是,36,37.9,38,1.9,22.078,15.822,路径拐弯/跨楼层（+7）×1.2；跨房间 +3,OK,R1C2F5:1 -> R1C2C7:3 -> R1BDB3:3 -> R1BDBC:4 -> R1BDC0:1 -> R1BDBC:6；竖井：ZJ1
174,2B-194,2#主变本体端子箱,2#主变有载开关,,,否,27,27.0,27,0.0,15.486,11.514,路径拐弯/跨楼层（+7）×1.2,OK,R1C2F5:1 -> R1C2C7:3 -> R1C2F9:1
175,1UB-101A,35kV1#主变进线柜,1#主变保护柜,房间_1CEF2,房间_1CEF3,是,42,43.6,44,1.6,26.861,16.739,路径拐弯/跨楼层（+7）×1.2；跨房间 +3,OK,R1BDBB:1 -> R1BDBA:1 -> R1BDC2:2 -> R1BDC2:3 -> R1BDBC:6；竖井：ZJ2
176,1UB-101B,35kV1#主变进线柜,1#主变保护柜,房间_1CEF2,房间_1CEF3,是,42,43.6,44,1.6,26.861,16.739,路径拐弯/跨楼层（+7）×1.2；跨房间 +3,OK,R1BDBB:1 -> R1BDBA:1 -> R1BDC2:2 -> R1BDC2:3 -> R1BDBC:6；竖井：ZJ2
177,1UB-101C,35kV1#主变进线柜,1#主变保护柜,房间_1CEF2,房间_1CEF3,是,42,43.6,44,1.6,26.861,16.739,路径拐弯/跨楼层（+7）×1.2；跨房间 +3,OK,R1BDBB:1 -> R1BDBA:1 -> R1BDC2:2 -> R1BDC2:3 -> R1BDBC:6；竖井：ZJ2
178,1UB-102A,35kV1#主变进线柜,1#主变测控柜,房间_1CEF2,房间_1CEF3,是,43,44.6,45,1.6,27.661,16.939,路径拐弯/跨楼层（+7）×1.2；跨房间 +3,OK,R1BDBB:1 -> R1BDBA:1 -> R1BDC2:2 -> R1BDC2:3 -> R1BDBC:6；竖井：ZJ2
179,1UB-102B,35kV1#主变进线柜,1#主变测控柜,房间_1CEF2,房间_1CEF3,是,43,44.6,45,1.6,27.661,16.939,路径拐弯/跨楼层（+7）×1.2；跨房间 +3,OK,R1BDBB:1 -> R1BDBA:1 -> R1BDC2:2 -> R1BDC2:3 -> R1BDBC:6；竖井：ZJ2
180,1UB-102C,35kV1#主变进线柜,1#主变测控柜,房间_1CEF2,房间_1CEF3,是,43,44.6,45,1.6,27.661,16.939,路径拐弯/跨楼层（+7）×1.2；跨房间 +3,OK,R1BDBB:1 -> R1BDBA:1 -> R1BDC2:2 -> R1BDC2:3 -> R1BDBC:6；竖井：ZJ2
181,1UB-102D,35kV1#主变进线柜,1#主变测控柜,房间_1CEF2,房间_1CEF3,是,43,44.6,45,1.6,27.661,16.939,路径拐弯/跨楼层（+7）×1.2；跨房间 +3,OK,R1BDBB:1 -> R1BDBA:1 -> R1BDC2:2 -> R1BDC2:3 -> R1BDBC:6；竖井：ZJ2
182,1UB-102E,35kV1#主变进线柜,1#主变测控柜,房间_1CEF2,房间_1CEF3,是,43,44.6,45,1.6,27.661,16.939,路径拐弯/跨楼层（+7）×1.2；跨房间 +3,OK,R1BDBB:1 -> R1BDBA:1 -> R1BDC2:2 -> R1BDC2:3 -> R1BDBC:6；竖井：ZJ2
183,1UB-103,35kV1#主变进线柜,10kV1#主变进线柜,房间_1CEF2,房间_1CEED,是,37,39.8,40,2.8,23.673,16.127,路径拐弯/跨楼层（+7）×1.2；跨房间 +3,OK,R1BDBB:1 -> R1BDB5:1 -> R1BDB3:4
184,1UB-104,35kV1#主变进线柜,故障录波柜,房间_1CEF2,房间_1CEF3,是,40,42.0,42,2.0,25.465,16.535,路径拐弯/跨楼层（+7）×1.2；跨房间 +3,OK,R1BDBB:1 -> R1BDB5:1 -> R1BDB3:3 -> R1BDBC:4；竖井：ZJ1
185,2UB-101A,35kV2#主变进线柜,2#主变保护柜,房间_1CEF2,房间_1CEF3,是,44,45.7,46,1.7,28.547,17.153,路径拐弯/跨楼层（+7）×1.2；跨房间 +3,OK,R1BDBB:1 -> R1BDBA:1 -> R1BDC2:2 -> R1BDC2:1 -> R1BDBC:6；竖井：ZJ2
186,2UB-101B,35kV2#主变进线柜,2#主变保护柜,房间_1CEF2,房间_1CEF3,是,44,45.7,46,1.7,28.547,17.153,路径拐弯/跨楼层（+7）×1.2；跨房间 +3,OK,R1BDBB:1 -> R1BDBA:1 -> R1BDC2:2 -> R1BDC2:1 -> R1BDBC:6；竖井：ZJ2
187,2UB-101C,35kV2#主变进线柜,2#主变保护柜,房间_1CEF2,房间_1CEF3,是,44,45.7,46,1.7,28.547,17.153,路径拐弯/跨楼层（+7）×1.2；跨房间 +3,OK,R1BDBB:1 -> R1BDBA:1 -> R1BDC2:2 -> R1BDC2:1 -> R1BDBC:6；竖井：ZJ2
188,2UB-102A,35kV2#主变进线柜,2#主变测控柜,房间_1CEF2,房间_1CEF3,是,43,44.7,45,1.7,27.747,16.953,路径拐弯/跨楼层（+7）×1.2；跨房间 +3,OK,R1BDBB:1 -> R1BDBA:1 -> R1BDC2:2 -> R1BDC2:1 -> R1BDBC:6；竖井：ZJ2
189,2UB-102B,35kV2#主变进线柜,2#主变测控柜,房间_1CEF2,房间_1CEF3,是,43,44.7,45,1.7,27.747,16.953,路径拐弯/跨楼层（+7）×1.2；跨房间 +3,OK,R1BDBB:1 -> R1BDBA:1 -> R1BDC2:2 -> R1BDC2:1 -> R1BDBC:6；竖井：ZJ2
190,2UB-102C,35kV2#主变进线柜,2#主变测控柜,房间_1CEF2,房间_1CEF3,是,43,44.7,45,1.7,27.747,16.953,路径拐弯/跨楼层（+7）×1.2；跨房间 +3,OK,R1BDBB:1 -> R1BDBA:1 -> R1BDC2:2 -> R1BDC2:1 -> R1BDBC:6；竖井：ZJ2
191,2UB-102D,35kV2#主变进线柜,2#主变测控柜,房间_1CEF2,房间_1CEF3,是,43,44.7,45,1.7,27.747,16.953,路径拐弯/跨楼层（+7）×1.2；跨房间 +3,OK,R1BDBB:1 -> R1BDBA:1 -> R1BDC2:2 -> R1BDC2:1 -> R1BDBC:6；竖井：ZJ2
192,2UB-102E,35kV2#主变进线柜,2#主变测控柜,房间_1CEF2,房间_1CEF3,是,43,44.7,45,1.7,27.747,16.953,路径拐弯/跨楼层（+7）×1.2；跨房间 +3,OK,R1BDBB:1 -> R1BDBA:1 -> R1BDC2:2 -> R1BDC2:1 -> R1BDBC:6；竖井：ZJ2
193,2UB-103,35kV2#主变进线柜,10kV2#主变进线柜,房间_1CEF2,房间_1CEED,是,35,38.0,38,3.0,22.138,15.862,路径拐弯/跨楼层（+7）×1.2；跨房间 +3,OK,R1BDBB:1 -> R1BDB5:1 -> R1BDB4:1
194,2UB-104,35kV2#主变进线柜,故障录波柜,房间_1CEF2,房间_1CEF3,是,42,43.8,44,1.8,26.973,16.827,路径拐弯/跨楼层（+7）×1.2；跨房间 +3,OK,R1BDBB:1 -> R1BDB5:1 -> R1BDB3:3 -> R1BDBC:4；竖井：ZJ1
195,1SB-101A,10kV1#主变进线柜,1#主变保护柜,房间_1CEED,房间_1CEF3,是,35,37.3,38,2.3,21.568,15.732,路径拐弯/跨楼层（+7）×1.2；跨房间 +3,OK,R1BDB3:4 -> R1BDB3:3 -> R1BDBC:4 -> R1BDBC:5 -> R1BDBC:6；竖井：ZJ1
196,1SB-101B,10kV1#主变进线柜,1#主变保护柜,房间_1CEED,房间_1CEF3,是,35,37.3,38,2.3,21.568,15.732,路径拐弯/跨楼层（+7）×1.2；跨房间 +3,OK,R1BDB3:4 -> R1BDB3:3 -> R1BDBC:4 -> R1BDBC:5 -> R1BDBC:6；竖井：ZJ1
197,1SB-101C,10kV1#主变进线柜,1#主变保护柜,房间_1CEED,房间_1CEF3,是,35,37.3,38,2.3,21.568,15.732,路径拐弯/跨楼层（+7）×1.2；跨房间 +3,OK,R1BDB3:4 -> R1BDB3:3 -> R1BDBC:4 -> R1BDBC:5 -> R1BDBC:6；竖井：ZJ1
198,1SB-102A,10kV1#主变进线柜,1#主变测控柜,房间_1CEED,房间_1CEF3,是,36,38.2,39,2.2,22.368,15.832,路径拐弯/跨楼层（+7）×1.2；跨房间 +3,OK,R1BDB3:4 -> R1BDB3:3 -> R1BDBC:4 -> R1BDBC:5 -> R1BDBC:6；竖井：ZJ1
199,1SB-102B,10kV1#主变进线柜,1#主变测控柜,房间_1CEED,房间_1CEF3,是,36,38.2,39,2.2,22.368,15.832,路径拐弯/跨楼层（+7）×1.2；跨房间 +3,OK,R1BDB3:4 -> R1BDB3:3 -> R1BDBC:4 -> R1BDBC:5 -> R1BDBC:6；竖井：ZJ1
200,1SB-103,10kV1#主变进线柜,35kV1#主变进线柜,房间_1CEED,房间_1CEF2,是,37,39.8,40,2.8,23.673,16.127,路径拐弯/跨楼层（+7）×1.2；跨房间 +3,OK,R1BDB3:4 -> R1BDB5:1 -> R1BDBB:1
201,1SB-104,10kV1#主变进线柜,故障录波柜,房间_1CEED,房间_1CEF3,是,31,32.7,33,1.7,17.719,14.981,路径拐弯/跨楼层（+7）×1.2；跨房间 +3,OK,R1BDB3:4 -> R1BDB3:3 -> R1BDBC:4；竖井：ZJ1
202,1SB-105,10kV1#主变进线柜,10kV1#电容器组,房间_1CEED,,是,42,44.2,45,2.2,27.323,16.877,路径拐弯/跨楼层（+7）×1.2；跨房间 +3,OK,R1BDB3:4 -> R1BDB5:1 -> R1BDBA:1 -> R1BDBA:2 -> R1BDBA:3
203,2SB-101A,10kV2#主变进线柜,2#主变保护柜,房间_1CEED,房间_1CEF3,是,32,33.8,34,1.8,18.684,15.116,路径拐弯/跨楼层（+7）×1.2；跨房间 +3,OK,R1BDB4:1 -> R1BDB3:3 -> R1BDBC:4 -> R1BDC0:1 -> R1BDBC:6；竖井：ZJ1
204,2SB-101B,10kV2#主变进线柜,2#主变保护柜,房间_1CEED,房间_1CEF3,是,32,33.8,34,1.8,18.684,15.116,路径拐弯/跨楼层（+7）×1.2；跨房间 +3,OK,R1BDB4:1 -> R1BDB3:3 -> R1BDBC:4 -> R1BDC0:1 -> R1BDBC:6；竖井：ZJ1
205,2SB-101C,10kV2#主变进线柜,2#主变保护柜,房间_1CEED,房间_1CEF3,是,32,33.8,34,1.8,18.684,15.116,路径拐弯/跨楼层（+7）×1.2；跨房间 +3,OK,R1BDB4:1 -> R1BDB3:3 -> R1BDBC:4 -> R1BDC0:1 -> R1BDBC:6；竖井：ZJ1
206,2SB-102A,10kV2#主变进线柜,2#主变测控柜,房间_1CEED,房间_1CEF3,是,31,32.9,33,1.9,17.884,15.016,路径拐弯/跨楼层（+7）×1.2；跨房间 +3,OK,R1BDB4:1 -> R1BDB3:3 -> R1BDBC:4 -> R1BDC0:1 -> R1BDBC:6；竖井：ZJ1
207,2SB-102B,10kV2#主变进线柜,2#主变测控柜,房间_1CEED,房间_1CEF3,是,31,32.9,33,1.9,17.884,15.016,路径拐弯/跨楼层（+7）×1.2；跨房间 +3,OK,R1BDB4:1 -> R1BDB3:3 -> R1BDBC:4 -> R1BDC0:1 -> R1BDBC:6；竖井：ZJ1
208,2SB-103,10kV2#主变进线柜,35kV2#主变进线柜,房间_1CEED,房间_1CEF2,是,35,38.0,38,3.0,22.138,15.862,路径拐弯/跨楼层（+7）×1.2；跨房间 +3,OK,R1BDB4:1 -> R1BDB5:1 -> R1BDBB:1
209,2SB-104,10kV2#主变进线柜,故障录波柜,房间_1CEED,房间_1CEF3,是,30,29.0,29,-1.0,14.676,14.324,路径拐弯/跨楼层（+7）×1.2；跨房间 +3,OK,R1BDB4:1 -> R1BDB3:3 -> R1BDBC:4；竖井：ZJ1
210,2SB-105,10kV2#主变进线柜,10kV2#电容器组,房间_1CEED,,是,35,37.3,38,2.3,21.599,15.701,路径拐弯/跨楼层（+7）×1.2；跨房间 +3,OK,R1BDB4:1 -> R1BDB3:4 -> R1BDB3:5 -> R1BDB3:6
211,1BC-101A,1#主变测控柜,1#主变保护柜,房间_1CEF3,房间_1CEF3,否,8,7.8,8,-0.2,0.828,6.972,路径不拐弯 +7,OK,R1BDBC:6
212,1BC-101B,1#主变测控柜,1#主变保护柜,房间_1CEF3,房间_1CEF3,否,8,7.8,8,-0.2,0.828,6.972,路径不拐弯 +7,OK,R1BDBC:6
213,2BC-101A,2#主变测控柜,2#主变保护柜,房间_1CEF3,房间_1CEF3,否,8,7.8,8,-0.2,0.828,6.972,路径不拐弯 +7,OK,R1BDBC:6
214,2BC-101B,2#主变测控柜,2#主变保护柜,房间_1CEF3,房间_1CEF3,否,8,7.8,8,-0.2,0.828,6.972,路径不拐弯 +7,OK,R1BDBC:6
215,1B-101A,1#主变保护柜,故障录波柜,房间_1CEF3,房间_1CEF3,否,16,15.2,16,-0.8,5.689,9.511,路径拐弯/跨楼层（+7）×1.2,OK,R1BDBC:6 -> R1BDC0:1 -> R1BDBC:4
216,1B-101B,1#主变保护柜,故障录波柜,房间_1CEF3,房间_1CEF3,否,16,15.2,16,-0.8,5.689,9.511,路径拐弯/跨楼层（+7）×1.2,OK,R1BDBC:6 -> R1BDC0:1 -> R1BDBC:4
217,1B-101C,1#主变保护柜,故障录波柜,房间_1CEF3,房间_1CEF3,否,16,15.2,16,-0.8,5.689,9.511,路径拐弯/跨楼层（+7）×1.2,OK,R1BDBC:6 -> R1BDC0:1 -> R1BDBC:4
218,1B-102A,1#主变保护柜,1#主变测控柜,房间_1CEF3,房间_1CEF3,否,8,7.8,8,-0.2,0.828,6.972,路径不拐弯 +7,OK,R1BDBC:6
219,1B-102B,1#主变保护柜,1#主变测控柜,房间_1CEF3,房间_1CEF3,否,8,7.8,8,-0.2,0.828,6.972,路径不拐弯 +7,OK,R1BDBC:6
220,1B-102C,1#主变保护柜,1#主变测控柜,房间_1CEF3,房间_1CEF3,否,8,7.8,8,-0.2,0.828,6.972,路径不拐弯 +7,OK,R1BDBC:6
221,1B-102D,1#主变保护柜,1#主变测控柜,房间_1CEF3,房间_1CEF3,否,8,7.8,8,-0.2,0.828,6.972,路径不拐弯 +7,OK,R1BDBC:6
222,1B-102E,1#主变保护柜,1#主变测控柜,房间_1CEF3,房间_1CEF3,否,8,7.8,8,-0.2,0.828,6.972,路径不拐弯 +7,OK,R1BDBC:6
223,1B-102F,1#主变保护柜,1#主变测控柜,房间_1CEF3,房间_1CEF3,否,8,7.8,8,-0.2,0.828,6.972,路径不拐弯 +7,OK,R1BDBC:6
224,1B-103A,1#主变保护柜,1#主变测控柜,房间_1CEF3,房间_1CEF3,否,8,7.8,8,-0.2,0.828,6.972,路径不拐弯 +7,OK,R1BDBC:6
225,1B-103B,1#主变保护柜,1#主变测控柜,房间_1CEF3,房间_1CEF3,否,8,7.8,8,-0.2,0.828,6.972,路径不拐弯 +7,OK,R1BDBC:6
226,1B-104A,1#主变保护柜,10kV1#分段开关柜,房间_1CEF3,房间_1CEED,是,32,33.6,34,1.6,18.464,15.136,路径拐弯/跨楼层（+7）×1.2；跨房间 +3,OK,R1BDBC:6 -> R1BDBC:5 -> R1BDBC:4 -> R1BDB3:3 -> R1BDB3:4；竖井：ZJ1
227,1B-104B,1#主变保护柜,10kV1#分段开关柜,房间_1CEF3,房间_1CEED,是,32,33.6,34,1.6,18.464,15.136,路径拐弯/跨楼层（+7）×1.2；跨房间 +3,OK,R1BDBC:6 -> R1BDBC:5 -> R1BDBC:4 -> R1BDB3:3 -> R1BDB3:4；竖井：ZJ1
228,1B-104C,1#主变保护柜,10kV1#分段开关柜,房间_1CEF3,房间_1CEED,是,32,33.6,34,1.6,18.464,15.136,路径拐弯/跨楼层（+7）×1.2；跨房间 +3,OK,R1BDBC:6 -> R1BDBC:5 -> R1BDBC:4 -> R1BDB3:3 -> R1BDB3:4；竖井：ZJ1
229,1B-104D,1#主变保护柜,10kV1#分段开关柜,房间_1CEF3,房间_1CEED,是,32,33.6,34,1.6,18.464,15.136,路径拐弯/跨楼层（+7）×1.2；跨房间 +3,OK,R1BDBC:6 -> R1BDBC:5 -> R1BDBC:4 -> R1BDB3:3 -> R1BDB3:4；竖井：ZJ1
230,1B-105A,1#主变保护柜,10kV2#分段开关柜,房间_1CEF3,房间_1CEED,是,32,30.9,31,-1.1,16.277,14.623,路径拐弯/跨楼层（+7）×1.2；跨房间 +3,OK,R1BDBC:6 -> R1BDC2:3 -> R1BDC2:2 -> R1BDBA:1 -> R1BDBB:1；竖井：ZJ2
231,1B-105B,1#主变保护柜,10kV2#分段开关柜,房间_1CEF3,房间_1CEED,是,32,30.9,31,-1.1,16.277,14.623,路径拐弯/跨楼层（+7）×1.2；跨房间 +3,OK,R1BDBC:6 -> R1BDC2:3 -> R1BDC2:2 -> R1BDBA:1 -> R1BDBB:1；竖井：ZJ2
232,1B-105C,1#主变保护柜,10kV2#分段开关柜,房间_1CEF3,房间_1CEED,是,32,30.9,31,-1.1,16.277,14.623,路径拐弯/跨楼层（+7）×1.2；跨房间 +3,OK,R1BDBC:6 -> R1BDC2:3 -> R1BDC2:2 -> R1BDBA:1 -> R1BDBB:1；竖井：ZJ2
233,1B-105D,1#主变保护柜,10kV2#分段开关柜,房间_1CEF3,房间_1CEED,是,32,30.9,31,-1.1,16.277,14.623,路径拐弯/跨楼层（+7）×1.2；跨房间 +3,OK,R1BDBC:6 -> R1BDC2:3 -> R1BDC2:2 -> R1BDBA:1 -> R1BDBB:1；竖井：ZJ2
234,2B-101A,2#主变保护柜,故障录波柜,房间_1CEF3,房间_1CEF3,否,14,13.3,14,-0.7,4.089,9.211,路径拐弯/跨楼层（+7）×1.2,OK,R1BDBC:6 -> R1BDC0:1 -> R1BDBC:4
235,2B-101B,2#主变保护柜,故障录波柜,房间_1CEF3,房间_1CEF3,否,14,13.3,14,-0.7,4.089,9.211,路径拐弯/跨楼层（+7）×1.2,OK,R1BDBC:6 -> R1BDC0:1 -> R1BDBC:4
236,2B-101C,2#主变保护柜,故障录波柜,房间_1CEF3,房间_1CEF3,否,14,13.3,14,-0.7,4.089,9.211,路径拐弯/跨楼层（+7）×1.2,OK,R1BDBC:6 -> R1BDC0:1 -> R1BDBC:4
237,2B-102A,2#主变保护柜,2#主变测控柜,房间_1CEF3,房间_1CEF3,否,8,7.8,8,-0.2,0.828,6.972,路径不拐弯 +7,OK,R1BDBC:6
238,2B-102B,2#主变保护柜,2#主变测控柜,房间_1CEF3,房间_1CEF3,否,8,7.8,8,-0.2,0.828,6.972,路径不拐弯 +7,OK,R1BDBC:6
239,2B-102C,2#主变保护柜,2#主变测控柜,房间_1CEF3,房间_1CEF3,否,8,7.8,8,-0.2,0.828,6.972,路径不拐弯 +7,OK,R1BDBC:6
240,2B-102D,2#主变保护柜,2#主变测控柜,房间_1CEF3,房间_1CEF3,否,8,7.8,8,-0.2,0.828,6.972,路径不拐弯 +7,OK,R1BDBC:6
241,2B-102E,2#主变保护柜,2#主变测控柜,房间_1CEF3,房间_1CEF3,否,8,7.8,8,-0.2,0.828,6.972,路径不拐弯 +7,OK,R1BDBC:6
242,2B-102F,2#主变保护柜,2#主变测控柜,房间_1CEF3,房间_1CEF3,否,8,7.8,8,-0.2,0.828,6.972,路径不拐弯 +7,OK,R1BDBC:6
243,2B-103A,2#主变保护柜,2#主变测控柜,房间_1CEF3,房间_1CEF3,否,8,7.8,8,-0.2,0.828,6.972,路径不拐弯 +7,OK,R1BDBC:6
244,2B-103B,2#主变保护柜,2#主变测控柜,房间_1CEF3,房间_1CEF3,否,8,7.8,8,-0.2,0.828,6.972,路径不拐弯 +7,OK,R1BDBC:6
245,2B-104A,2#主变保护柜,10kV1#分段开关柜,房间_1CEF3,房间_1CEED,是,32,33.7,34,1.7,18.623,15.077,路径拐弯/跨楼层（+7）×1.2；跨房间 +3,OK,R1BDBC:6 -> R1BDC0:1 -> R1BDBC:4 -> R1BDB3:3 -> R1BDB3:4；竖井：ZJ1
246,2B-104B,2#主变保护柜,10kV1#分段开关柜,房间_1CEF3,房间_1CEED,是,32,33.7,34,1.7,18.623,15.077,路径拐弯/跨楼层（+7）×1.2；跨房间 +3,OK,R1BDBC:6 -> R1BDC0:1 -> R1BDBC:4 -> R1BDB3:3 -> R1BDB3:4；竖井：ZJ1
247,2B-104C,2#主变保护柜,10kV1#分段开关柜,房间_1CEF3,房间_1CEED,是,32,33.7,34,1.7,18.623,15.077,路径拐弯/跨楼层（+7）×1.2；跨房间 +3,OK,R1BDBC:6 -> R1BDC0:1 -> R1BDBC:4 -> R1BDB3:3 -> R1BDB3:4；竖井：ZJ1
248,2B-104D,2#主变保护柜,10kV1#分段开关柜,房间_1CEF3,房间_1CEED,是,32,33.7,34,1.7,18.623,15.077,路径拐弯/跨楼层（+7）×1.2；跨房间 +3,OK,R1BDBC:6 -> R1BDC0:1 -> R1BDBC:4 -> R1BDB3:3 -> R1BDB3:4；竖井：ZJ1
249,1SBK-101,10kV1#备用电源馈线柜,电流接地选线及电能量采集柜,房间_1CEED,房间_1CEF3,是,31,32.6,33,1.6,17.702,14.898,路径拐弯/跨楼层（+7）×1.2；跨房间 +3,OK,R1BDBB:1 -> R1BDBA:1 -> R1BDC2:2 -> R1BDC2:3 -> R1BDBC:6；竖井：ZJ2
250,1SBK-102,10kV1#备用电源馈线柜,10kV3#PT柜,房间_1CEED,房间_1CEED,否,10,9.9,10,-0.1,2.875,7.025,路径不拐弯 +7,OK,R1BDBB:1
251,2SBK-101,10kV2#备用电源馈线柜,电流接地选线及电能量采集柜,房间_1CEED,房间_1CEF3,是,32,33.7,34,1.7,18.551,15.149,路径拐弯/跨楼层（+7）×1.2；跨房间 +3,OK,R1BDBB:1 -> R1BDBA:1 -> R1BDC2:2 -> R1BDC2:3 -> R1BDBC:6；竖井：ZJ2
252,2SBK-102,10kV2#备用电源馈线柜,10kV3#PT柜,房间_1CEED,房间_1CEED,否,9,9.0,9,0.0,2.027,6.973,路径不拐弯 +7,OK,R1BDBB:1
253,3SBK-101,10kV3#备用电源馈线柜,电流接地选线及电能量采集柜,房间_1CEED,房间_1CEF3,是,33,34.9,35,1.9,19.556,15.344,路径拐弯/跨楼层（+7）×1.2；跨房间 +3,OK,R1BDBB:1 -> R1BDBA:1 -> R1BDC2:2 -> R1BDC2:3 -> R1BDBC:6；竖井：ZJ2
254,3SBK-102,10kV3#备用电源馈线柜,10kV3#PT柜,房间_1CEED,房间_1CEED,否,8,8.0,8,0.0,1.022,6.978,路径不拐弯 +7,OK,R1BDBB:1
255,1-1SYK-101,10kV1-1#预留馈线柜,电流接地选线及电能量采集柜,房间_1CEED,房间_1CEF3,是,32,33.7,34,1.7,18.609,15.091,路径拐弯/跨楼层（+7）×1.2；跨房间 +3,OK,R1BDBA:1 -> R1BDC2:2 -> R1BDC2:3 -> R1BDBC:6；竖井：ZJ2
256,1-1SYK-102,10kV1-1#预留馈线柜,10kV1#PT柜,房间_1CEED,房间_1CEED,否,27,26.6,27,-0.4,15.184,11.416,路径拐弯/跨楼层（+7）×1.2,OK,R1BDBA:1 -> R1BDB5:1 -> R1BDB3:4
257,2-1SYK-101,10kV2-1#预留馈线柜,电流接地选线及电能量采集柜,房间_1CEED,房间_1CEF3,是,30,29.2,30,-0.8,14.816,14.384,路径拐弯/跨楼层（+7）×1.2；跨房间 +3,OK,R1BDB3:4 -> R1BDB3:3 -> R1BDBC:4 -> R1BDBC:5 -> R1BDBC:6；竖井：ZJ1
258,2-1SYK-102,10kV2-1#预留馈线柜,10kV2#PT柜,房间_1CEED,房间_1CEED,否,15,14.8,15,-0.2,7.838,6.962,路径不拐弯 +7,OK,R1BDB3:4 -> R1BDB4:1
259,1-2SYK-101,10kV1-2#预留馈线柜,电流接地选线及电能量采集柜,房间_1CEED,房间_1CEF3,是,31,32.7,33,1.7,17.727,14.973,路径拐弯/跨楼层（+7）×1.2；跨房间 +3,OK,R1BDBA:1 -> R1BDC2:2 -> R1BDC2:3 -> R1BDBC:6；竖井：ZJ2
260,1-2SYK-102,10kV1-2#预留馈线柜,10kV1#PT柜,房间_1CEED,房间_1CEED,否,26,25.6,26,-0.4,14.303,11.297,路径拐弯/跨楼层（+7）×1.2,OK,R1BDBA:1 -> R1BDB5:1 -> R1BDB3:4
261,2-2SYK-101,10kV2-2#预留馈线柜,电流接地选线及电能量采集柜,房间_1CEED,房间_1CEF3,是,29,28.2,29,-0.8,13.996,14.204,路径拐弯/跨楼层（+7）×1.2；跨房间 +3,OK,R1BDB3:4 -> R1BDB3:3 -> R1BDBC:4 -> R1BDBC:5 -> R1BDBC:6；竖井：ZJ1
262,2-2SYK-102,10kV2-2#预留馈线柜,10kV2#PT柜,房间_1CEED,房间_1CEED,否,14,14.0,14,0.0,7.018,6.982,路径不拐弯 +7,OK,R1BDB3:4 -> R1BDB4:1
263,1-3SYK-101,10kV1-3#预留馈线柜,电流接地选线及电能量采集柜,房间_1CEED,房间_1CEF3,是,32,31.2,32,-0.8,16.481,14.719,路径拐弯/跨楼层（+7）×1.2；跨房间 +3,OK,R1BDBA:1 -> R1BDC2:2 -> R1BDC2:3 -> R1BDBC:6；竖井：ZJ2
264,1-3SYK-102,10kV1-3#预留馈线柜,10kV1#PT柜,房间_1CEED,房间_1CEED,否,25,24.1,25,-0.9,13.057,11.043,路径拐弯/跨楼层（+7）×1.2,OK,R1BDBA:1 -> R1BDB5:1 -> R1BDB3:4
265,2-3SYK-101,10kV2-3#预留馈线柜,电流接地选线及电能量采集柜,房间_1CEED,房间_1CEF3,是,29,27.9,28,-1.1,13.71,14.19,路径拐弯/跨楼层（+7）×1.2；跨房间 +3,OK,R1BDB4:1 -> R1BDB3:3 -> R1BDBC:4 -> R1BDBC:5 -> R1BDBC:6；竖井：ZJ1
266,2-3SYK-102,10kV2-3#预留馈线柜,10kV2#PT柜,房间_1CEED,房间_1CEED,否,13,12.3,13,-0.7,5.259,7.041,路径不拐弯 +7,OK,R1BDB4:1
267,1-4SYK-101,10kV1-4#预留馈线柜,电流接地选线及电能量采集柜,房间_1CEED,房间_1CEF3,是,31,30.2,31,-0.8,15.697,14.503,路径拐弯/跨楼层（+7）×1.2；跨房间 +3,OK,R1BDBA:1 -> R1BDC2:2 -> R1BDC2:3 -> R1BDBC:6；竖井：ZJ2
268,1-4SYK-102,10kV1-4#预留馈线柜,10kV1#PT柜,房间_1CEED,房间_1CEED,否,24,23.1,24,-0.9,12.272,10.828,路径拐弯/跨楼层（+7）×1.2,OK,R1BDBA:1 -> R1BDB5:1 -> R1BDB3:4
269,2-4SYK-101,10kV2-4#预留馈线柜,电流接地选线及电能量采集柜,房间_1CEED,房间_1CEF3,是,30,29.0,29,-1.0,14.648,14.352,路径拐弯/跨楼层（+7）×1.2；跨房间 +3,OK,R1BDB4:1 -> R1BDB3:3 -> R1BDBC:4 -> R1BDBC:5 -> R1BDBC:6；竖井：ZJ1
270,2-4SYK-102,10kV2-4#预留馈线柜,10kV2#PT柜,房间_1CEED,房间_1CEED,否,12,11.4,12,-0.6,4.401,6.999,路径不拐弯 +7,OK,R1BDB4:1
271,2-11S-101,10kV石膏烘干配电站,电流接地选线及电能量采集柜,房间_1CEED,房间_1CEF3,是,31,30.0,30,-1.0,15.541,14.459,路径拐弯/跨楼层（+7）×1.2；跨房间 +3,OK,R1BDB4:1 -> R1BDB3:3 -> R1BDBC:4 -> R1BDBC:5 -> R1BDBC:6；竖井：ZJ1
272,2-11S-102,10kV石膏烘干配电站,10kV2#PT柜,房间_1CEED,房间_1CEED,否,11,10.5,11,-0.5,3.519,6.981,路径不拐弯 +7,OK,R1BDB4:1
273,2-12S-101,10kV烧成配电站二段,电流接地选线及电能量采集柜,房间_1CEED,房间_1CEF3,是,33,31.6,32,-1.4,16.812,14.788,路径拐弯/跨楼层（+7）×1.2；跨房间 +3,OK,R1BDB4:1 -> R1BDB3:3 -> R1BDBC:4 -> R1BDBC:5 -> R1BDBC:6；竖井：ZJ1
274,2-12S-102,10kV烧成配电站二段,10kV2#PT柜,房间_1CEED,房间_1CEED,否,10,9.3,10,-0.7,2.262,7.038,路径不拐弯 +7,OK,R1BDB4:1
275,2-15S-101,10kV硫酸变配电室二段,电流接地选线及电能量采集柜,房间_1CEED,房间_1CEF3,是,33,34.7,35,1.7,19.417,15.283,路径拐弯/跨楼层（+7）×1.2；跨房间 +3,OK,R1BDB4:1 -> R1BDB3:3 -> R1BDBC:4 -> R1BDBC:5 -> R1BDBC:6；竖井：ZJ1
276,2-15S-102,10kV硫酸变配电室二段,10kV2#PT柜,房间_1CEED,房间_1CEED,否,9,8.2,9,-0.8,1.211,6.989,路径不拐弯 +7,OK,R1BDB4:1
277,2-16S-101,10kV张东10KV开闭所开关柜,电流接地选线及电能量采集柜,房间_1CEED,房间_1CEF3,是,34,35.8,36,1.8,20.306,15.494,路径拐弯/跨楼层（+7）×1.2；跨房间 +3,OK,R1BDB4:1 -> R1BDB3:3 -> R1BDBC:4 -> R1BDBC:5 -> R1BDBC:6；竖井：ZJ1
278,2-16S-102,10kV张东10KV开闭所开关柜,10kV2#PT柜,房间_1CEED,房间_1CEED,否,10,9.1,10,-0.9,2.101,6.999,路径不拐弯 +7,OK,R1BDB4:1
279,1-24S-101,10kV烧成配电站一段,电流接地选线及电能量采集柜,房间_1CEED,房间_1CEF3,是,30,28.8,29,-1.2,14.529,14.271,路径拐弯/跨楼层（+7）×1.2；跨房间 +3,OK,R1BDBB:1 -> R1BDBA:1 -> R1BDC2:2 -> R1BDC2:3 -> R1BDBC:6；竖井：ZJ2
280,1-24S-102,10kV烧成配电站一段,10kV1#PT柜,房间_1CEED,房间_1CEED,否,22,21.7,22,-0.3,11.057,10.643,路径拐弯/跨楼层（+7）×1.2,OK,R1BDBB:1 -> R1BDB5:1 -> R1BDB3:4
281,1-25S-101,10kV水泥粉磨配电站,电流接地选线及电能量采集柜,房间_1CEED,房间_1CEF3,是,29,27.9,28,-1.1,13.759,14.141,路径拐弯/跨楼层（+7）×1.2；跨房间 +3,OK,R1BDBB:1 -> R1BDBA:1 -> R1BDC2:2 -> R1BDC2:3 -> R1BDBC:6；竖井：ZJ2
282,1-25S-102,10kV水泥粉磨配电站,10kV1#PT柜,房间_1CEED,房间_1CEED,否,21,20.7,21,-0.3,10.287,10.413,路径拐弯/跨楼层（+7）×1.2,OK,R1BDBB:1 -> R1BDB5:1 -> R1BDB3:4
283,1-26S-101,10kV硫酸变配电室一段,电流接地选线及电能量采集柜,房间_1CEED,房间_1CEF3,是,29,28.4,29,-0.6,14.126,14.274,路径拐弯/跨楼层（+7）×1.2；跨房间 +3,OK,R1BDBA:1 -> R1BDC2:2 -> R1BDC2:3 -> R1BDBC:6；竖井：ZJ2
284,1-26S-102,10kV硫酸变配电室一段,10kV1#PT柜,房间_1CEED,房间_1CEED,否,22,21.2,22,-0.8,10.701,10.499,路径拐弯/跨楼层（+7）×1.2,OK,R1BDBA:1 -> R1BDB5:1 -> R1BDB3:4
285,1-27S-101,10kV硫酸变配电室三段,电流接地选线及电能量采集柜,房间_1CEED,房间_1CEF3,是,30,29.3,30,-0.7,14.902,14.398,路径拐弯/跨楼层（+7）×1.2；跨房间 +3,OK,R1BDBA:1 -> R1BDC2:2 -> R1BDC2:3 -> R1BDBC:6；竖井：ZJ2
286,1-27S-102,10kV硫酸变配电室三段,10kV1#PT柜,房间_1CEED,房间_1CEED,否,23,22.2,23,-0.8,11.477,10.723,路径拐弯/跨楼层（+7）×1.2,OK,R1BDBA:1 -> R1BDB5:1 -> R1BDB3:4
287,1SR-101,10kV1#电容器柜,电流接地选线及电能量采集柜,房间_1CEED,房间_1CEF3,是,34,36.3,37,2.3,20.72,15.58,路径拐弯/跨楼层（+7）×1.2；跨房间 +3,OK,R1BDBA:1 -> R1BDC2:2 -> R1BDC2:3 -> R1BDBC:6；竖井：ZJ2
288,1SR-102,10kV1#电容器柜,10kV1#PT柜,房间_1CEED,房间_1CEED,否,30,29.2,30,-0.8,17.295,11.905,路径拐弯/跨楼层（+7）×1.2,OK,R1BDBA:1 -> R1BDB5:1 -> R1BDB3:4
289,2SR-101,10kV2#电容器柜,电流接地选线及电能量采集柜,房间_1CEED,房间_1CEF3,是,32,31.0,31,-1.0,16.374,14.626,路径拐弯/跨楼层（+7）×1.2；跨房间 +3,OK,R1BDB3:4 -> R1BDB3:3 -> R1BDBC:4 -> R1BDBC:5 -> R1BDBC:6；竖井：ZJ1
290,2SR-102,10kV2#电容器柜,10kV2#PT柜,房间_1CEED,房间_1CEED,否,17,16.4,17,-0.6,9.396,7.004,路径不拐弯 +7,OK,R1BDB3:4 -> R1BDB4:1
291,1SR-161,10kV1#电容器组,10kV1#电容器柜,,房间_1CEED,是,20,22.2,23,2.2,9.012,13.188,路径拐弯/跨楼层（+7）×1.2；跨房间 +3,OK,R1BDBA:3 -> R1BDBA:2 -> R1BDBA:1
292,1SR-162,10kV1#电容器组,10kV1#电容器柜,,房间_1CEED,是,20,22.2,23,2.2,9.012,13.188,路径拐弯/跨楼层（+7）×1.2；跨房间 +3,OK,R1BDBA:3 -> R1BDBA:2 -> R1BDBA:1
293,1SR-163,10kV1#电容器组,10kV1#PT柜,,房间_1CEED,是,40,42.9,43,2.9,26.238,16.662,路径拐弯/跨楼层（+7）×1.2；跨房间 +3,OK,R1BDBA:3 -> R1BDBA:2 -> R1BDBA:1 -> R1BDB5:1 -> R1BDB3:4
294,2SR-161,10kV2#电容器组,10kV2#电容器柜,,房间_1CEED,是,25,27.6,28,2.6,13.482,14.118,路径拐弯/跨楼层（+7）×1.2；跨房间 +3,OK,R1BDB3:6 -> R1BDB3:5 -> R1BDB3:4
295,2SR-162,10kV2#电容器组,10kV2#电容器柜,,房间_1CEED,是,25,27.6,28,2.6,13.482,14.118,路径拐弯/跨楼层（+7）×1.2；跨房间 +3,OK,R1BDB3:6 -> R1BDB3:5 -> R1BDB3:4
296,2SR-163,10kV2#电容器组,10kV2#PT柜,,房间_1CEED,是,36,38.4,39,2.4,22.505,15.895,路径拐弯/跨楼层（+7）×1.2；跨房间 +3,OK,R1BDB3:6 -> R1BDB3:5 -> R1BDB3:4 -> R1BDB4:1
297,1SZB-101,10kV1#站用变柜,电流接地选线及电能量采集柜,房间_1CEED,房间_1CEF3,是,32,35.0,35,3.0,19.687,15.313,路径拐弯/跨楼层（+7）×1.2；跨房间 +3,OK,R1BDBA:1 -> R1BDC2:2 -> R1BDC2:3 -> R1BDBC:6；竖井：ZJ2
298,1SZB-102,10kV1#站用变柜,10kV1#PT柜,房间_1CEED,房间_1CEED,否,28,27.9,28,-0.1,16.262,11.638,路径拐弯/跨楼层（+7）×1.2,OK,R1BDBA:1 -> R1BDB5:1 -> R1BDB3:4
299,1SZB-161,10kV1#站用变柜,10kV1#站用变,房间_1CEED,,是,17,38.5,39,21.5,22.57,15.93,路径拐弯/跨楼层（+7）×1.2；跨房间 +3,OK,R1BDBA:1 -> R1BDC2:2 -> R1BDC3:3 -> R1BDC3:2 -> R1BDC3:1；竖井：ZJ2
300,1SZB-162,10kV1#站用变柜,10kV1#站用变,房间_1CEED,,是,17,38.5,39,21.5,22.57,15.93,路径拐弯/跨楼层（+7）×1.2；跨房间 +3,OK,R1BDBA:1 -> R1BDC2:2 -> R1BDC3:3 -> R1BDC3:2 -> R1BDC3:1；竖井：ZJ2
301,1SZB-163,10kV1#站用变柜,10kV1#站用变,房间_1CEED,,是,17,38.5,39,21.5,22.57,15.93,路径拐弯/跨楼层（+7）×1.2；跨房间 +3,OK,R1BDBA:1 -> R1BDC2:2 -> R1BDC3:3 -> R1BDC3:2 -> R1BDC3:1；竖井：ZJ2
302,2SZB-101,10kV2#站用变柜,电流接地选线及电能量采集柜,房间_1CEED,房间_1CEF3,是,31,30.2,31,-0.8,15.64,14.56,路径拐弯/跨楼层（+7）×1.2；跨房间 +3,OK,R1BDB3:4 -> R1BDB3:3 -> R1BDBC:4 -> R1BDBC:5 -> R1BDBC:6；竖井：ZJ1
303,2SZB-102,10kV2#站用变柜,10kV2#PT柜,房间_1CEED,房间_1CEED,否,16,15.7,16,-0.3,8.662,7.038,路径不拐弯 +7,OK,R1BDB3:4 -> R1BDB4:1
304,2SZB-161,10kV2#站用变柜,10kV2#站用变,房间_1CEED,,是,22,34.4,35,12.4,19.166,15.234,路径拐弯/跨楼层（+7）×1.2；跨房间 +3,OK,R1BDB3:4 -> R1BDB3:3 -> R1BDBC:4 -> R1BDBC:3 -> R1BDBC:2 -> R1BDBC:1；竖井：ZJ1
305,2SZB-162,10kV2#站用变柜,10kV2#站用变,房间_1CEED,,是,22,34.4,35,12.4,19.166,15.234,路径拐弯/跨楼层（+7）×1.2；跨房间 +3,OK,R1BDB3:4 -> R1BDB3:3 -> R1BDBC:4 -> R1BDBC:3 -> R1BDBC:2 -> R1BDBC:1；竖井：ZJ1
306,2SZB-163,10kV2#站用变柜,10kV2#站用变,房间_1CEED,,是,22,34.4,35,12.4,19.166,15.234,路径拐弯/跨楼层（+7）×1.2；跨房间 +3,OK,R1BDB3:4 -> R1BDB3:3 -> R1BDBC:4 -> R1BDBC:3 -> R1BDBC:2 -> R1BDBC:1；竖井：ZJ1
307,SBD-101,10kV备用电源进线柜,电流接地选线及电能量采集柜,房间_1CEED,房间_1CEF3,是,35,36.8,37,1.8,21.166,15.634,路径拐弯/跨楼层（+7）×1.2；跨房间 +3,OK,R1BDBB:1 -> R1BDBA:1 -> R1BDC2:2 -> R1BDC2:3 -> R1BDBC:6；竖井：ZJ2
308,SBD-102,10kV备用电源进线柜,10kV3#PT柜,房间_1CEED,房间_1CEED,否,8,8.0,8,0.0,1.002,6.998,路径不拐弯 +7,OK,R1BDBB:1
309,SBD-103A,10kV备用电源进线柜,故障录波柜,房间_1CEED,房间_1CEF3,是,34,36.1,37,2.1,20.571,15.529,路径拐弯/跨楼层（+7）×1.2；跨房间 +3,OK,R1BDBB:1 -> R1BDB5:1 -> R1BDB3:3 -> R1BDBC:4；竖井：ZJ1
310,SBD-103B,10kV备用电源进线柜,故障录波柜,房间_1CEED,房间_1CEF3,是,34,36.1,37,2.1,20.571,15.529,路径拐弯/跨楼层（+7）×1.2；跨房间 +3,OK,R1BDBB:1 -> R1BDB5:1 -> R1BDB3:3 -> R1BDBC:4；竖井：ZJ1
311,SBD-104,10kV备用电源进线柜,10kV2#分段开关柜,房间_1CEED,房间_1CEED,否,13,12.9,13,-0.1,5.904,6.996,路径不拐弯 +7,OK,R1BDBB:1
312,1SFD-101,10kV1#分段开关柜,10kV1#PT柜,房间_1CEED,房间_1CEED,否,10,9.4,10,-0.6,2.412,6.988,路径不拐弯 +7,OK,R1BDB3:4
313,1SFD-102A,10kV1#分段开关柜,故障录波柜,房间_1CEED,房间_1CEF3,是,30,28.9,29,-1.1,14.615,14.285,路径拐弯/跨楼层（+7）×1.2；跨房间 +3,OK,R1BDB3:4 -> R1BDB3:3 -> R1BDBC:4；竖井：ZJ1
314,1SFD-102B,10kV1#分段开关柜,故障录波柜,房间_1CEED,房间_1CEF3,是,30,28.9,29,-1.1,14.615,14.285,路径拐弯/跨楼层（+7）×1.2；跨房间 +3,OK,R1BDB3:4 -> R1BDB3:3 -> R1BDBC:4；竖井：ZJ1
315,2SFD-101,10kV2#分段开关柜,10kV3#PT柜,房间_1CEED,房间_1CEED,否,13,12.1,13,-0.9,5.108,6.992,路径不拐弯 +7,OK,R1BDBB:1
316,2SFD-102A,10kV2#分段开关柜,故障录波柜,房间_1CEED,房间_1CEF3,是,30,29.3,30,-0.7,14.881,14.419,路径拐弯/跨楼层（+7）×1.2；跨房间 +3,OK,R1BDBB:1 -> R1BDB5:1 -> R1BDB3:3 -> R1BDBC:4；竖井：ZJ1
317,2SFD-102B,10kV2#分段开关柜,故障录波柜,房间_1CEED,房间_1CEF3,是,30,29.3,30,-0.7,14.881,14.419,路径拐弯/跨楼层（+7）×1.2；跨房间 +3,OK,R1BDBB:1 -> R1BDB5:1 -> R1BDB3:3 -> R1BDBC:4；竖井：ZJ1
318,1SFG-101A,10kV1#分段隔离柜,10kV1#PT柜,房间_1CEED,房间_1CEED,否,9,8.4,9,-0.6,1.366,7.034,路径不拐弯 +7,OK,R1BDB3:4
319,1SFG-101B,10kV1#分段隔离柜,10kV2#PT柜,房间_1CEED,房间_1CEED,否,19,18.7,19,-0.3,11.736,6.964,路径不拐弯 +7,OK,R1BDB3:4 -> R1BDB4:1
320,2SFG-101A,10kV2#分段隔离柜,10kV3#PT柜,房间_1CEED,房间_1CEED,否,12,11.1,12,-0.9,4.079,7.021,路径不拐弯 +7,OK,R1BDBB:1
321,2SFG-101B,10kV2#分段隔离柜,10kV3#PT柜,房间_1CEED,房间_1CEED,否,12,11.1,12,-0.9,4.079,7.021,路径不拐弯 +7,OK,R1BDBB:1
322,1SYH-132,10kV1#PT柜,电流接地选线及电能量采集柜,房间_1CEED,房间_1CEF3,是,33,35.0,35,2.0,19.683,15.317,路径拐弯/跨楼层（+7）×1.2；跨房间 +3,OK,R1BDB3:4 -> R1BDB3:3 -> R1BDBC:4 -> R1BDBC:5 -> R1BDBC:6；竖井：ZJ1
323,1SYH-133A,10kV1#PT柜,故障录波柜,房间_1CEED,房间_1CEF3,是,32,31.4,32,-0.6,16.634,14.766,路径拐弯/跨楼层（+7）×1.2；跨房间 +3,OK,R1BDB3:4 -> R1BDB3:3 -> R1BDBC:4；竖井：ZJ1
324,1SYH-133B,10kV1#PT柜,故障录波柜,房间_1CEED,房间_1CEF3,是,32,31.4,32,-0.6,16.634,14.766,路径拐弯/跨楼层（+7）×1.2；跨房间 +3,OK,R1BDB3:4 -> R1BDB3:3 -> R1BDBC:4；竖井：ZJ1
325,1SYH-134,10kV1#PT柜,1#主变测控柜,房间_1CEED,房间_1CEF3,是,35,36.9,37,1.9,21.283,15.617,路径拐弯/跨楼层（+7）×1.2；跨房间 +3,OK,R1BDB3:4 -> R1BDB3:3 -> R1BDBC:4 -> R1BDBC:5 -> R1BDBC:6；竖井：ZJ1
326,1SYH-135A,10kV1#PT柜,1#主变保护柜,房间_1CEED,房间_1CEF3,是,34,36.0,36,2.0,20.483,15.517,路径拐弯/跨楼层（+7）×1.2；跨房间 +3,OK,R1BDB3:4 -> R1BDB3:3 -> R1BDBC:4 -> R1BDBC:5 -> R1BDBC:6；竖井：ZJ1
327,1SYH-135B,10kV1#PT柜,1#主变保护柜,房间_1CEED,房间_1CEF3,是,34,36.0,36,2.0,20.483,15.517,路径拐弯/跨楼层（+7）×1.2；跨房间 +3,OK,R1BDB3:4 -> R1BDB3:3 -> R1BDBC:4 -> R1BDBC:5 -> R1BDBC:6；竖井：ZJ1
328,2SYH-132,10kV2#PT柜,电流接地选线及电能量采集柜,房间_1CEED,房间_1CEF3,是,32,33.8,34,1.8,18.631,15.169,路径拐弯/跨楼层（+7）×1.2；跨房间 +3,OK,R1BDB4:1 -> R1BDB3:3 -> R1BDBC:4 -> R1BDBC:5 -> R1BDBC:6；竖井：ZJ1
329,2SYH-133A,10kV2#PT柜,故障录波柜,房间_1CEED,房间_1CEF3,是,31,30.1,31,-0.9,15.582,14.518,路径拐弯/跨楼层（+7）×1.2；跨房间 +3,OK,R1BDB4:1 -> R1BDB3:3 -> R1BDBC:4；竖井：ZJ1
330,2SYH-133B,10kV2#PT柜,故障录波柜,房间_1CEED,房间_1CEF3,是,31,30.1,31,-0.9,15.582,14.518,路径拐弯/跨楼层（+7）×1.2；跨房间 +3,OK,R1BDB4:1 -> R1BDB3:3 -> R1BDBC:4；竖井：ZJ1
331,2SYH-134,10kV2#PT柜,2#主变测控柜,房间_1CEED,房间_1CEF3,是,32,33.9,34,1.9,18.79,15.11,路径拐弯/跨楼层（+7）×1.2；跨房间 +3,OK,R1BDB4:1 -> R1BDB3:3 -> R1BDBC:4 -> R1BDC0:1 -> R1BDBC:6；竖井：ZJ1
332,2SYH-135A,10kV2#PT柜,2#主变保护柜,房间_1CEED,房间_1CEF3,是,33,34.9,35,1.9,19.59,15.31,路径拐弯/跨楼层（+7）×1.2；跨房间 +3,OK,R1BDB4:1 -> R1BDB3:3 -> R1BDBC:4 -> R1BDC0:1 -> R1BDBC:6；竖井：ZJ1
333,2SYH-135B,10kV2#PT柜,2#主变保护柜,房间_1CEED,房间_1CEF3,是,33,34.9,35,1.9,19.59,15.31,路径拐弯/跨楼层（+7）×1.2；跨房间 +3,OK,R1BDB4:1 -> R1BDB3:3 -> R1BDBC:4 -> R1BDC0:1 -> R1BDBC:6；竖井：ZJ1
334,3SYH-132,10kV3#PT柜,电流接地选线及电能量采集柜,房间_1CEED,房间_1CEF3,是,34,35.8,36,1.8,20.371,15.429,路径拐弯/跨楼层（+7）×1.2；跨房间 +3,OK,R1BDBB:1 -> R1BDBA:1 -> R1BDC2:2 -> R1BDC2:3 -> R1BDBC:6；竖井：ZJ2
335,3SYH-133A,10kV3#PT柜,故障录波柜,房间_1CEED,房间_1CEF3,是,33,35.1,36,2.1,19.775,15.325,路径拐弯/跨楼层（+7）×1.2；跨房间 +3,OK,R1BDBB:1 -> R1BDB5:1 -> R1BDB3:3 -> R1BDBC:4；竖井：ZJ1
336,3SYH-133B,10kV3#PT柜,故障录波柜,房间_1CEED,房间_1CEF3,是,33,35.1,36,2.1,19.775,15.325,路径拐弯/跨楼层（+7）×1.2；跨房间 +3,OK,R1BDBB:1 -> R1BDB5:1 -> R1BDB3:3 -> R1BDBC:4；竖井：ZJ1
